有價證卷代號及名稱,日期,成交股數,成交金額,開盤價,最高價,最低價,收盤價,漲跌價差,成交筆數
2897　王道銀行,106/05/05,"28,832,693","270,492,745",9.05,9.89,9.05,9.28,X0.00,"6,468"
2897　王道銀行,106/05/08,"10,635,233","99,138,296",9.48,9.48,9.15,9.15,-0.13,"2,719"
2897　王道銀行,106/05/09,"6,296,663","55,296,496",9.15,9.15,8.60,8.70,-0.45,"2,168"
2897　王道銀行,106/05/10,"2,556,895","22,175,416",8.72,8.80,8.60,8.68,-0.02,897
2897　王道銀行,106/05/11,"2,456,561","21,282,985",8.70,8.73,8.65,8.66,-0.02,738
2897　王道銀行,106/05/12,"2,677,032","23,554,321",8.67,8.90,8.64,8.81,+0.15,948
2897　王道銀行,106/05/15,"3,559,292","31,784,346",8.98,8.98,8.88,8.94,+0.13,987
2897　王道銀行,106/05/16,"2,753,676","24,721,770",9.00,9.01,8.94,8.96,+0.02,732
2897　王道銀行,106/05/17,"1,143,973","10,237,505",8.98,9.00,8.90,8.92,-0.04,444
2897　王道銀行,106/05/18,"1,647,667","14,668,289",8.88,8.95,8.80,8.91,-0.01,473
2897　王道銀行,106/05/19,"1,715,427","15,190,392",8.91,8.93,8.83,8.83,-0.08,531
2897　王道銀行,106/05/22,"1,605,921","14,249,212",8.84,8.95,8.83,8.92,+0.09,445
2897　王道銀行,106/05/23,"2,143,259","19,148,820",8.94,8.98,8.88,8.90,-0.02,702
2897　王道銀行,106/05/24,"1,274,244","11,342,806",8.90,8.93,8.88,8.88,-0.02,407
2897　王道銀行,106/05/25,"1,383,858","12,271,856",8.88,8.90,8.85,8.86,-0.02,476
2897　王道銀行,106/05/26,"1,359,760","12,021,577",8.89,8.89,8.82,8.84,-0.02,425
2897　王道銀行,106/05/31,"1,578,297","13,910,203",8.84,8.85,8.78,8.79,-0.05,548
2897　王道銀行,106/06/01,"2,955,545","25,952,853",8.79,8.81,8.75,8.80,+0.01,673
2897　王道銀行,106/06/02,"2,303,532","20,233,258",8.80,8.81,8.77,8.78,-0.02,417
2897　王道銀行,106/06/03,"1,416,336","12,475,076",8.85,8.85,8.78,8.81,+0.03,435
2897　王道銀行,106/06/05,"2,172,455","19,300,989",8.82,8.93,8.82,8.92,+0.11,579
2897　王道銀行,106/06/06,"1,895,618","16,876,021",8.92,8.95,8.88,8.89,-0.03,323
2897　王道銀行,106/06/07,"1,007,414","8,977,646",8.89,8.93,8.89,8.90,+0.01,261
2897　王道銀行,106/06/08,"1,880,291","16,768,539",8.90,8.95,8.90,8.93,+0.03,328
2897　王道銀行,106/06/09,"2,883,664","25,821,320",8.94,8.98,8.93,8.98,+0.05,479
2897　王道銀行,106/06/12,"5,256,144","48,141,842",9.00,9.30,8.98,9.19,+0.21,"1,122"
2897　王道銀行,106/06/13,"4,092,958","37,677,070",9.21,9.24,9.19,9.20,+0.01,594
2897　王道銀行,106/06/14,"2,830,500","25,757,630",9.20,9.21,9.01,9.10,-0.10,563
2897　王道銀行,106/06/15,"1,309,394","11,923,260",9.10,9.14,9.06,9.11,+0.01,314
2897　王道銀行,106/06/16,"1,052,437","9,559,034",9.11,9.11,9.07,9.08,-0.03,244
2897　王道銀行,106/06/19,"1,808,532","16,336,436",8.93,9.08,8.93,9.02,-0.06,346
2897　王道銀行,106/06/20,"1,710,990","15,440,206",9.03,9.04,9.01,9.02, 0.00,324
2897　王道銀行,106/06/21,"1,007,400","9,096,324",9.02,9.05,9.00,9.04,+0.02,247
2897　王道銀行,106/06/22,"1,316,699","11,902,083",9.06,9.07,9.02,9.04, 0.00,285
2897　王道銀行,106/06/23,"804,483","7,269,671",9.04,9.07,9.03,9.03,-0.01,181
2897　王道銀行,106/06/26,"1,469,210","13,330,353",9.03,9.10,9.03,9.08,+0.05,341
2897　王道銀行,106/06/27,"1,513,381","13,756,475",9.12,9.12,9.07,9.08, 0.00,347
2897　王道銀行,106/06/28,"1,163,110","10,536,233",9.08,9.08,9.04,9.06,-0.02,254
2897　王道銀行,106/06/29,"1,205,532","10,963,572",9.08,9.11,9.07,9.09,+0.03,281
2897　王道銀行,106/06/30,"3,835,801","35,345,414",9.10,9.30,9.10,9.28,+0.19,783
2897　王道銀行,106/07/03,"2,699,532","25,021,279",9.29,9.29,9.24,9.26,-0.02,544
2897　王道銀行,106/07/04,"2,465,015","22,848,074",9.27,9.29,9.25,9.25,-0.01,390
2897　王道銀行,106/07/05,"2,397,699","22,209,952",9.26,9.28,9.25,9.26,+0.01,340
2897　王道銀行,106/07/06,"1,869,459","17,296,194",9.26,9.27,9.24,9.26, 0.00,286
2897　王道銀行,106/07/07,"1,696,358","15,670,655",9.25,9.26,9.22,9.22,-0.04,413
2897　王道銀行,106/07/10,"1,526,709","14,107,425",9.26,9.27,9.22,9.24,+0.02,270
2897　王道銀行,106/07/11,"3,589,841","33,391,042",9.27,9.34,9.25,9.32,+0.08,688
2897　王道銀行,106/07/12,"3,444,319","32,348,425",9.37,9.41,9.34,9.40,+0.08,698
2897　王道銀行,106/07/13,"7,181,881","68,288,314",9.41,9.57,9.41,9.53,+0.13,"1,254"
2897　王道銀行,106/07/14,"8,449,363","80,076,263",9.57,9.57,9.43,9.48,-0.05,"1,562"
2897　王道銀行,106/07/17,"5,579,230","50,871,955",9.11,9.18,9.06,9.12,X0.00,"1,442"
2897　王道銀行,106/07/18,"1,816,683","16,591,165",9.13,9.18,9.10,9.12, 0.00,551
2897　王道銀行,106/07/19,"2,044,334","18,620,735",9.12,9.15,9.09,9.11,-0.01,582
2897　王道銀行,106/07/20,"1,645,750","14,989,721",9.13,9.13,9.10,9.11, 0.00,318
2897　王道銀行,106/07/21,"1,592,766","14,498,037",9.12,9.12,9.09,9.10,-0.01,297
2897　王道銀行,106/07/24,"1,788,383","16,236,315",9.10,9.12,9.06,9.08,-0.02,345
2897　王道銀行,106/07/25,"913,449","8,271,261",9.07,9.08,9.04,9.05,-0.03,303
2897　王道銀行,106/07/26,"1,052,756","9,531,306",9.05,9.07,9.05,9.05, 0.00,302
2897　王道銀行,106/07/27,"769,826","6,961,534",9.05,9.06,9.03,9.05, 0.00,238
2897　王道銀行,106/07/28,"803,000","7,261,160",9.06,9.06,9.03,9.04,-0.01,220
2897　王道銀行,106/07/31,"818,921","7,399,534",9.04,9.05,9.02,9.02,-0.02,240
2897　王道銀行,106/08/01,"919,532","8,307,022",9.10,9.10,9.02,9.03,+0.01,262
2897　王道銀行,106/08/02,"966,199","8,713,166",9.03,9.03,9.01,9.03, 0.00,297
2897　王道銀行,106/08/03,"1,267,466","11,413,765",9.03,9.03,9.00,9.02,-0.01,384
2897　王道銀行,106/08/04,"1,091,266","9,828,874",9.02,9.02,9.00,9.00,-0.02,338
2897　王道銀行,106/08/07,"1,675,163","15,054,458",9.00,9.02,8.97,8.98,-0.02,508
2897　王道銀行,106/08/08,"1,330,951","11,920,237",8.98,9.00,8.94,8.95,-0.03,541
2897　王道銀行,106/08/09,"1,383,982","12,309,776",8.95,8.95,8.87,8.88,-0.07,466
2897　王道銀行,106/08/10,"1,428,039","12,584,539",8.88,8.88,8.79,8.83,-0.05,532
2897　王道銀行,106/08/11,"1,133,500","10,095,504",8.83,9.00,8.80,9.00,+0.17,392
2897　王道銀行,106/08/14,"1,036,896","9,246,920",9.00,9.00,8.89,8.89,-0.11,366
2897　王道銀行,106/08/15,"500,384","4,480,283",8.97,9.00,8.91,8.95,+0.06,176
2897　王道銀行,106/08/16,"735,632","6,563,113",8.90,8.96,8.89,8.92,-0.03,455
2897　王道銀行,106/08/17,"377,637","3,373,566",8.95,8.97,8.92,8.93,+0.01,158
2897　王道銀行,106/08/18,"759,957","6,762,204",8.95,8.95,8.88,8.92,-0.01,285
2897　王道銀行,106/08/21,"591,703","5,276,158",8.92,8.94,8.90,8.94,+0.02,252
2897　王道銀行,106/08/22,"643,300","5,757,535",8.94,8.99,8.91,8.99,+0.05,231
2897　王道銀行,106/08/23,"590,000","5,287,040",9.00,9.02,8.94,8.95,-0.04,201
2897　王道銀行,106/08/24,"472,583","4,228,747",8.95,8.98,8.92,8.94,-0.01,188
2897　王道銀行,106/08/25,"560,005","5,000,304",8.94,8.94,8.92,8.94, 0.00,190
2897　王道銀行,106/08/28,"977,298","8,722,186",8.95,8.96,8.90,8.93,-0.01,277
2897　王道銀行,106/08/29,"685,383","6,108,319",8.93,8.94,8.90,8.93, 0.00,206
2897　王道銀行,106/08/30,"560,998","5,001,917",8.93,8.94,8.91,8.91,-0.02,204
2897　王道銀行,106/08/31,"594,838","5,299,203",8.92,8.92,8.90,8.92,+0.01,175
2897　王道銀行,106/09/01,"583,966","5,201,033",8.92,8.92,8.90,8.91,-0.01,235
2897　王道銀行,106/09/04,"832,000","7,412,990",8.92,8.92,8.90,8.91, 0.00,215
2897　王道銀行,106/09/05,"1,020,609","9,085,932",8.91,8.92,8.88,8.91, 0.00,254
2897　王道銀行,106/09/06,"554,308","4,930,931",8.91,8.91,8.88,8.90,-0.01,205
2897　王道銀行,106/09/07,"907,655","8,073,149",8.91,8.91,8.88,8.89,-0.01,338
2897　王道銀行,106/09/08,"665,451","5,922,214",8.89,8.91,8.89,8.91,+0.02,185
2897　王道銀行,106/09/11,"849,690","7,548,660",8.91,8.91,8.85,8.87,-0.04,227
2897　王道銀行,106/09/12,"717,340","6,376,667",8.88,8.90,8.88,8.89,+0.02,193
2897　王道銀行,106/09/13,"569,383","5,065,908",8.90,8.92,8.87,8.90,+0.01,141
2897　王道銀行,106/09/14,"385,423","3,424,093",8.90,8.90,8.88,8.90, 0.00,150
2897　王道銀行,106/09/15,"623,783","5,543,097",8.90,8.90,8.87,8.90, 0.00,162
2897　王道銀行,106/09/18,"614,883","5,453,709",8.88,8.89,8.85,8.88,-0.02,272
2897　王道銀行,106/09/19,"612,766","5,431,691",8.88,8.88,8.85,8.86,-0.02,198
2897　王道銀行,106/09/20,"527,550","4,668,352",8.86,8.86,8.83,8.86, 0.00,239
2897　王道銀行,106/09/21,"655,383","5,793,339",8.85,8.85,8.83,8.83,-0.03,181
2897　王道銀行,106/09/22,"473,000","4,174,170",8.83,8.85,8.81,8.81,-0.02,192
2897　王道銀行,106/09/25,"600,764","5,286,166",8.82,8.83,8.78,8.80,-0.01,238
2897　王道銀行,106/09/26,"576,375","5,053,561",8.80,8.80,8.73,8.75,-0.05,242
2897　王道銀行,106/09/27,"809,430","7,050,757",8.75,8.75,8.69,8.73,-0.02,293
2897　王道銀行,106/09/28,"366,994","3,191,026",8.71,8.71,8.67,8.71,-0.02,197
2897　王道銀行,106/09/29,"645,334","5,584,811",8.71,8.71,8.64,8.65,-0.06,226
2897　王道銀行,106/09/30,"253,383","2,197,682",8.64,8.70,8.64,8.68,+0.03,107
2897　王道銀行,106/10/02,"331,383","2,880,291",8.68,8.70,8.67,8.70,+0.02,97
2897　王道銀行,106/10/03,"367,523","3,188,399",8.70,8.70,8.65,8.70, 0.00,139
2897　王道銀行,106/10/05,"716,254","6,251,257",8.70,8.84,8.67,8.80,+0.10,211
2897　王道銀行,106/10/06,"626,866","5,547,368",8.78,8.89,8.77,8.85,+0.05,248
2897　王道銀行,106/10/11,"400,997","3,540,761",8.85,8.85,8.81,8.83,-0.02,147
2897　王道銀行,106/10/12,"309,700","2,731,743",8.83,8.87,8.81,8.81,-0.02,119
2897　王道銀行,106/10/13,"480,383","4,244,959",8.81,8.88,8.80,8.83,+0.02,187
2897　王道銀行,106/10/16,"298,767","2,636,929",8.83,8.85,8.81,8.81,-0.02,158
2897　王道銀行,106/10/17,"283,533","2,503,604",8.82,8.85,8.81,8.84,+0.03,110
2897　王道銀行,106/10/18,"501,383","4,408,884",8.84,8.84,8.76,8.79,-0.05,312
2897　王道銀行,106/10/19,"480,766","4,230,089",8.79,8.82,8.79,8.80,+0.01,101
2897　王道銀行,106/10/20,"170,015","1,497,913",8.80,8.83,8.79,8.83,+0.03,83
2897　王道銀行,106/10/23,"321,802","2,845,580",8.84,8.87,8.81,8.83, 0.00,114
2897　王道銀行,106/10/24,"156,896","1,382,067",8.83,8.83,8.79,8.81,-0.02,78
2897　王道銀行,106/10/25,"337,766","2,976,480",8.81,8.83,8.80,8.83,+0.02,109
2897　王道銀行,106/10/26,"232,388","2,046,935",8.83,8.83,8.80,8.81,-0.02,92
2897　王道銀行,106/10/27,"501,383","4,421,104",8.80,8.85,8.80,8.82,+0.01,123
2897　王道銀行,106/10/30,"327,186","2,882,479",8.86,8.86,8.80,8.80,-0.02,113
2897　王道銀行,106/10/31,"221,736","1,956,103",8.80,8.83,8.80,8.81,+0.01,92
2897　王道銀行,106/11/01,"543,847","4,787,807",8.82,8.82,8.79,8.82,+0.01,161
2897　王道銀行,106/11/02,"261,307","2,301,833",8.82,8.82,8.80,8.81,-0.01,100
2897　王道銀行,106/11/03,"281,497","2,477,463",8.81,8.82,8.79,8.79,-0.02,112
2897　王道銀行,106/11/06,"240,766","2,118,738",8.80,8.82,8.79,8.81,+0.02,113
2897　王道銀行,106/11/07,"415,307","3,652,385",8.80,8.81,8.78,8.80,-0.01,165
2897　王道銀行,106/11/08,"548,313","4,801,055",8.80,8.80,8.74,8.75,-0.05,240
2897　王道銀行,106/11/09,"401,500","3,508,019",8.75,8.75,8.72,8.73,-0.02,165
2897　王道銀行,106/11/10,"369,866","3,225,531",8.72,8.74,8.70,8.74,+0.01,141
2897　王道銀行,106/11/13,"720,000","6,271,190",8.74,8.75,8.69,8.70,-0.04,205
2897　王道銀行,106/11/14,"7,095,264","64,033,184",8.80,9.33,8.79,9.19,+0.49,"2,448"
2897　王道銀行,106/11/15,"5,362,783","48,668,742",9.20,9.21,8.96,9.00,-0.19,"1,302"
2897　王道銀行,106/11/16,"1,220,788","10,965,642",8.98,9.05,8.91,9.02,+0.02,558
2897　王道銀行,106/11/17,"1,488,241","13,413,521",9.05,9.05,8.97,9.02, 0.00,551
2897　王道銀行,106/11/20,"1,474,675","13,341,219",9.03,9.10,8.97,9.07,+0.05,557
2897　王道銀行,106/11/21,"8,402,123","77,311,537",9.07,9.35,9.03,9.13,+0.06,"2,185"
2897　王道銀行,106/11/22,"4,040,627","37,215,244",9.25,9.29,9.16,9.17,+0.04,"1,208"
2897　王道銀行,106/11/23,"2,662,314","24,423,638",9.20,9.22,9.14,9.15,-0.02,839
2897　王道銀行,106/11/24,"2,027,884","18,570,094",9.15,9.18,9.14,9.15, 0.00,666
2897　王道銀行,106/11/27,"2,051,000","18,785,100",9.18,9.21,9.14,9.15, 0.00,627
2897　王道銀行,106/11/28,"1,741,052","15,945,947",9.16,9.18,9.14,9.15, 0.00,700
2897　王道銀行,106/11/29,"2,028,500","18,561,230",9.20,9.20,9.13,9.14,-0.01,507
2897　王道銀行,106/11/30,"11,283,800","102,022,169",9.14,9.21,8.97,8.97,-0.17,"1,355"
2897　王道銀行,106/12/01,"3,940,200","35,472,080",9.00,9.09,8.96,8.96,-0.01,"1,303"
2897　王道銀行,106/12/04,"1,525,731","13,734,069",9.02,9.05,8.99,8.99,+0.03,608
2897　王道銀行,106/12/05,"1,606,148","14,454,379",9.00,9.03,8.98,8.98,-0.01,528
2897　王道銀行,106/12/06,"1,364,000","12,216,000",8.98,9.00,8.92,8.93,-0.05,434
2897　王道銀行,106/12/07,"986,200","8,798,280",8.93,8.99,8.90,8.91,-0.02,344
2897　王道銀行,106/12/08,"639,383","5,697,725",8.93,8.97,8.90,8.92,+0.01,281
2897　王道銀行,106/12/11,"583,150","5,210,488",8.94,8.96,8.90,8.93,+0.01,207
2897　王道銀行,106/12/12,"1,498,246","13,485,551",8.93,9.03,8.93,9.00,+0.07,342
2897　王道銀行,106/12/13,"924,576","8,286,524",9.00,9.00,8.94,8.95,-0.05,339
2897　王道銀行,106/12/14,"1,214,166","10,867,430",8.95,8.99,8.93,8.94,-0.01,324
2897　王道銀行,106/12/15,"1,052,408","9,390,854",8.94,8.95,8.90,8.95,+0.01,310
2897　王道銀行,106/12/18,"860,953","7,674,249",8.95,8.96,8.90,8.91,-0.04,321
2897　王道銀行,106/12/19,"811,700","7,239,198",8.91,8.95,8.90,8.90,-0.01,259
2897　王道銀行,106/12/20,"1,465,500","13,061,404",8.90,8.94,8.90,8.90, 0.00,430
2897　王道銀行,106/12/21,"1,457,383","12,981,609",8.90,8.92,8.90,8.90, 0.00,380
2897　王道銀行,106/12/22,"1,147,766","10,217,111",8.90,8.93,8.88,8.90, 0.00,334
2897　王道銀行,106/12/25,"842,718","7,509,802",8.93,8.93,8.89,8.90, 0.00,300
2897　王道銀行,106/12/26,"837,082","7,450,298",8.90,8.92,8.88,8.90, 0.00,225
2897　王道銀行,106/12/27,"1,320,000","11,741,970",8.90,8.92,8.88,8.89,-0.01,396
2897　王道銀行,106/12/28,"1,411,200","12,559,830",8.89,8.92,8.88,8.89, 0.00,274
2897　王道銀行,106/12/29,"2,016,963","17,946,163",8.90,8.92,8.87,8.91,+0.02,448
2897　王道銀行,107/01/02,"1,326,171","11,821,431",8.92,8.93,8.90,8.91, 0.00,359
2897　王道銀行,107/01/03,"2,076,300","18,506,410",8.94,8.94,8.90,8.91, 0.00,422
2897　王道銀行,107/01/04,"1,533,887","13,673,928",8.93,8.93,8.90,8.91, 0.00,328
2897　王道銀行,107/01/05,"1,739,000","15,502,890",8.92,8.93,8.90,8.92,+0.01,342
2897　王道銀行,107/01/08,"3,496,749","31,354,331",8.92,8.99,8.92,8.96,+0.04,716
2897　王道銀行,107/01/09,"1,656,176","14,853,254",8.98,9.00,8.95,8.98,+0.02,501
2897　王道銀行,107/01/10,"1,928,010","17,318,417",8.99,9.00,8.96,8.97,-0.01,494
2897　王道銀行,107/01/11,"3,752,904","33,723,366",8.98,9.02,8.94,9.00,+0.03,464
2897　王道銀行,107/01/12,"2,554,201","23,003,179",9.00,9.03,8.99,9.00, 0.00,484
2897　王道銀行,107/01/15,"1,944,830","17,503,176",9.01,9.03,8.98,8.98,-0.02,387
2897　王道銀行,107/01/16,"2,773,421","24,944,896",9.01,9.02,8.98,9.00,+0.02,420
2897　王道銀行,107/01/17,"3,062,766","27,567,411",9.02,9.03,8.98,9.03,+0.03,790
2897　王道銀行,107/01/18,"4,163,383","37,488,250",9.03,9.03,8.99,9.00,-0.03,590
2897　王道銀行,107/01/19,"1,617,383","14,553,539",9.00,9.02,8.98,9.01,+0.01,336
2897　王道銀行,107/01/22,"3,489,496","31,626,509",9.01,9.13,9.00,9.12,+0.11,728
2897　王道銀行,107/01/23,"4,310,911","39,464,169",9.12,9.17,9.10,9.15,+0.03,929
2897　王道銀行,107/01/24,"1,870,686","16,995,630",9.15,9.15,9.05,9.07,-0.08,489
2897　王道銀行,107/01/25,"1,993,249","18,129,453",9.08,9.12,9.08,9.10,+0.03,473
2897　王道銀行,107/01/26,"987,400","8,960,218",9.10,9.10,9.05,9.07,-0.03,253
2897　王道銀行,107/01/29,"1,054,583","9,549,783",9.07,9.07,9.04,9.05,-0.02,286
2897　王道銀行,107/01/30,"1,309,151","11,812,207",9.05,9.05,9.00,9.01,-0.04,304
2897　王道銀行,107/01/31,"1,429,683","12,845,369",9.00,9.00,8.97,8.99,-0.02,444
2897　王道銀行,107/02/01,"1,221,208","10,975,064",8.99,9.00,8.97,8.98,-0.01,293
2897　王道銀行,107/02/02,"761,130","6,826,154",8.98,8.98,8.96,8.97,-0.01,215
2897　王道銀行,107/02/05,"1,945,900","17,327,374",8.94,8.94,8.89,8.90,-0.07,574
2897　王道銀行,107/02/06,"3,845,239","33,516,580",8.85,8.85,8.62,8.70,-0.20,"1,193"
2897　王道銀行,107/02/07,"1,886,467","16,493,056",8.71,8.78,8.70,8.76,+0.06,711
2897　王道銀行,107/02/08,"1,883,957","16,428,203",8.76,8.76,8.70,8.70,-0.06,493
2897　王道銀行,107/02/09,"1,655,500","14,254,428",8.61,8.78,8.56,8.73,+0.03,574
2897　王道銀行,107/02/12,"1,558,036","13,591,360",8.74,8.77,8.70,8.72,-0.01,466
2897　王道銀行,107/02/21,"1,311,419","11,518,207",8.74,8.82,8.74,8.79,+0.07,478
2897　王道銀行,107/02/22,"1,180,000","10,386,940",8.82,8.82,8.77,8.81,+0.02,343
2897　王道銀行,107/02/23,"2,676,106","23,597,596",8.82,8.86,8.78,8.79,-0.02,697
2897　王道銀行,107/02/26,"1,427,467","12,565,441",8.82,8.83,8.79,8.80,+0.01,371
2897　王道銀行,107/02/27,"2,006,220","17,952,218",8.82,9.07,8.79,9.07,+0.27,471
2897　王道銀行,107/03/01,"2,327,383","20,689,335",8.94,8.94,8.84,8.89,-0.18,986
2897　王道銀行,107/03/02,"802,383","7,129,807",8.88,8.91,8.85,8.89, 0.00,389
2897　王道銀行,107/03/05,"858,200","7,607,544",8.89,8.89,8.85,8.85,-0.04,298
2897　王道銀行,107/03/06,"2,072,100","18,261,093",8.86,8.86,8.78,8.80,-0.05,542
2897　王道銀行,107/03/07,"633,841","5,569,694",8.80,8.80,8.77,8.79,-0.01,271
2897　王道銀行,107/03/08,"735,699","6,469,387",8.79,8.81,8.77,8.79, 0.00,250
2897　王道銀行,107/03/09,"576,225","5,071,687",8.80,8.82,8.79,8.81,+0.02,251
2897　王道銀行,107/03/12,"1,383,447","12,164,159",8.80,8.82,8.77,8.82,+0.01,584
2897　王道銀行,107/03/13,"652,558","5,748,369",8.82,8.83,8.78,8.80,-0.02,321
2897　王道銀行,107/03/14,"636,752","5,600,522",8.80,8.81,8.77,8.80, 0.00,206
2897　王道銀行,107/03/15,"592,000","5,203,310",8.79,8.80,8.78,8.80, 0.00,201
2897　王道銀行,107/03/16,"578,383","5,082,330",8.80,8.80,8.78,8.78,-0.02,198
2897　王道銀行,107/03/19,"900,192","7,903,553",8.78,8.80,8.77,8.78, 0.00,252
2897　王道銀行,107/03/20,"1,481,002","12,988,086",8.77,8.78,8.75,8.78, 0.00,354
2897　王道銀行,107/03/21,"1,427,683","12,528,304",8.78,8.79,8.76,8.78, 0.00,383
2897　王道銀行,107/03/22,"1,354,702","11,887,862",8.78,8.79,8.75,8.77,-0.01,402
2897　王道銀行,107/03/23,"1,523,633","13,257,217",8.74,8.74,8.68,8.69,-0.08,576
2897　王道銀行,107/03/26,"1,361,038","11,791,298",8.66,8.76,8.64,8.70,+0.01,481
2897　王道銀行,107/03/27,"600,452","5,238,847",8.69,8.75,8.69,8.70, 0.00,189
2897　王道銀行,107/03/28,"506,900","4,410,667",8.70,8.73,8.68,8.70, 0.00,188
2897　王道銀行,107/03/29,"449,900","3,916,942",8.70,8.73,8.69,8.72,+0.02,123
2897　王道銀行,107/03/30,"463,383","4,035,685",8.72,8.73,8.69,8.71,-0.01,178
2897　王道銀行,107/03/31,"328,066","2,859,392",8.71,8.73,8.70,8.71, 0.00,103
2897　王道銀行,107/04/02,"752,266","6,562,244",8.70,8.74,8.70,8.71, 0.00,176
2897　王道銀行,107/04/03,"446,165","3,892,520",8.71,8.74,8.71,8.74,+0.03,139
2897　王道銀行,107/04/09,"772,047","6,730,897",8.74,8.74,8.70,8.73,-0.01,189
2897　王道銀行,107/04/10,"892,583","7,795,862",8.74,8.75,8.71,8.74,+0.01,234
2897　王道銀行,107/04/11,"775,383","6,757,568",8.74,8.75,8.69,8.74, 0.00,341
2897　王道銀行,107/04/12,"759,223","6,616,969",8.75,8.75,8.69,8.73,-0.01,187
2897　王道銀行,107/04/13,"659,000","5,740,180",8.73,8.73,8.70,8.70,-0.03,222
2897　王道銀行,107/04/16,"986,000","8,570,210",8.70,8.71,8.67,8.70, 0.00,240
2897　王道銀行,107/04/17,"1,924,180","16,596,856",8.71,8.71,8.58,8.59,-0.11,538
2897　王道銀行,107/04/18,"557,236","4,793,886",8.60,8.63,8.59,8.60,+0.01,225
2897　王道銀行,107/04/19,"1,113,616","9,555,952",8.60,8.61,8.55,8.61,+0.01,371
2897　王道銀行,107/04/20,"443,433","3,813,082",8.62,8.62,8.58,8.61, 0.00,140
2897　王道銀行,107/04/23,"391,268","3,371,414",8.62,8.64,8.61,8.61, 0.00,154
2897　王道銀行,107/04/24,"422,521","3,627,610",8.61,8.61,8.57,8.57,-0.04,194
2897　王道銀行,107/04/25,"859,300","7,340,997",8.56,8.57,8.53,8.55,-0.02,281
2897　王道銀行,107/04/26,"356,283","3,045,777",8.55,8.60,8.54,8.55, 0.00,159
2897　王道銀行,107/04/27,"585,383","5,027,797",8.55,8.64,8.55,8.61,+0.06,260
2897　王道銀行,107/04/30,"448,133","3,862,990",8.61,8.66,8.57,8.65,+0.04,154
2897　王道銀行,107/05/02,"1,310,500","11,237,189",8.65,8.66,8.50,8.58,-0.07,396
2897　王道銀行,107/05/03,"508,000","4,336,810",8.52,8.58,8.52,8.53,-0.05,216
2897　王道銀行,107/05/04,"463,883","3,963,740",8.60,8.60,8.52,8.54,+0.01,178
2897　王道銀行,107/05/07,"334,679","2,856,880",8.54,8.56,8.52,8.53,-0.01,168
2897　王道銀行,107/05/08,"430,383","3,677,912",8.53,8.57,8.52,8.57,+0.04,142
2897　王道銀行,107/05/09,"347,537","2,975,963",8.59,8.59,8.55,8.57, 0.00,106
2897　王道銀行,107/05/10,"1,483,688","12,643,600",8.59,8.59,8.49,8.52,-0.05,357
2897　王道銀行,107/05/11,"996,333","8,476,417",8.52,8.54,8.49,8.51,-0.01,263
2897　王道銀行,107/05/14,"979,998","8,345,812",8.51,8.54,8.50,8.54,+0.03,208
2897　王道銀行,107/05/15,"431,000","3,677,800",8.54,8.55,8.52,8.52,-0.02,150
2897　王道銀行,107/05/16,"852,101","7,246,005",8.50,8.52,8.49,8.49,-0.03,332
2897　王道銀行,107/05/17,"1,526,383","12,983,878",8.50,8.54,8.49,8.50,+0.01,256
2897　王道銀行,107/05/18,"1,130,616","9,615,617",8.50,8.53,8.50,8.50, 0.00,326
2897　王道銀行,107/05/21,"1,169,773","9,945,849",8.50,8.51,8.50,8.50, 0.00,315
2897　王道銀行,107/05/22,"595,653","5,075,871",8.52,8.54,8.51,8.53,+0.03,259
2897　王道銀行,107/05/23,"718,408","6,140,406",8.51,8.58,8.51,8.54,+0.01,303
2897　王道銀行,107/05/24,"338,266","2,892,754",8.54,8.56,8.54,8.56,+0.02,105
2897　王道銀行,107/05/25,"498,693","4,262,714",8.56,8.57,8.52,8.53,-0.03,171
2897　王道銀行,107/05/28,"488,100","4,159,755",8.53,8.54,8.51,8.52,-0.01,160
2897　王道銀行,107/05/29,"602,984","5,131,662",8.52,8.52,8.50,8.52, 0.00,178
2897　王道銀行,107/05/30,"1,292,100","10,984,794",8.52,8.52,8.49,8.49,-0.03,338
2897　王道銀行,107/05/31,"1,095,573","9,320,217",8.50,8.52,8.49,8.52,+0.03,166
2897　王道銀行,107/06/01,"664,766","5,648,735",8.52,8.52,8.49,8.50,-0.02,195
2897　王道銀行,107/06/04,"1,032,383","8,772,045",8.52,8.52,8.49,8.50, 0.00,235
2897　王道銀行,107/06/05,"1,622,705","13,754,211",8.50,8.52,8.45,8.50, 0.00,402
2897　王道銀行,107/06/06,"1,125,966","9,551,410",8.50,8.50,8.46,8.50, 0.00,284
2897　王道銀行,107/06/07,"3,498,166","29,857,541",8.50,8.57,8.50,8.55,+0.05,426
2897　王道銀行,107/06/08,"866,384","7,423,711",8.57,8.59,8.56,8.56,+0.01,224
2897　王道銀行,107/06/11,"1,602,000","13,710,395",8.56,8.59,8.53,8.55,-0.01,285
2897　王道銀行,107/06/12,"778,650","6,629,987",8.55,8.56,8.50,8.51,-0.04,258
2897　王道銀行,107/06/13,"645,052","5,489,780",8.51,8.54,8.50,8.51, 0.00,212
2897　王道銀行,107/06/14,"532,383","4,549,527",8.52,8.57,8.52,8.55,+0.04,194
2897　王道銀行,107/06/15,"845,215","7,225,100",8.53,8.57,8.53,8.53,-0.02,355
2897　王道銀行,107/06/19,"1,630,540","13,848,197",8.53,8.53,8.45,8.49,-0.04,481
2897　王道銀行,107/06/20,"602,871","5,124,998",8.50,8.52,8.47,8.51,+0.02,315
2897　王道銀行,107/06/21,"476,217","4,069,245",8.51,8.57,8.51,8.52,+0.01,217
2897　王道銀行,107/06/22,"408,383","3,471,379",8.50,8.52,8.48,8.50,-0.02,194
2897　王道銀行,107/06/25,"623,534","5,328,024",8.50,8.59,8.50,8.57,+0.07,333
2897　王道銀行,107/06/26,"1,045,172","8,943,431",8.55,8.58,8.53,8.55,-0.02,346
2897　王道銀行,107/06/27,"421,235","3,587,865",8.57,8.57,8.50,8.50,-0.05,116
2897　王道銀行,107/06/28,"474,315","4,029,078",8.50,8.50,8.48,8.49,-0.01,134
2897　王道銀行,107/06/29,"586,076","4,977,236",8.50,8.50,8.48,8.48,-0.01,122
2897　王道銀行,107/07/02,"329,766","2,800,259",8.50,8.50,8.48,8.48, 0.00,84
2897　王道銀行,107/07/03,"668,968","5,663,887",8.50,8.50,8.45,8.45,-0.03,177
2897　王道銀行,107/07/04,"344,015","2,909,047",8.45,8.48,8.44,8.48,+0.03,238
2897　王道銀行,107/07/05,"568,020","4,791,119",8.48,8.48,8.42,8.42,-0.06,188
2897　王道銀行,107/07/06,"691,201","5,806,888",8.41,8.43,8.38,8.43,+0.01,238
2897　王道銀行,107/07/09,"459,923","3,864,977",8.40,8.43,8.38,8.43, 0.00,192
2897　王道銀行,107/07/10,"786,383","6,619,077",8.42,8.45,8.40,8.40,-0.03,206
2897　王道銀行,107/07/11,"841,682","7,055,872",8.40,8.40,8.37,8.37,-0.03,312
2897　王道銀行,107/07/12,"1,763,000","14,731,250",8.37,8.38,8.33,8.37, 0.00,328
2897　王道銀行,107/07/13,"1,096,665","8,945,617",8.17,8.18,8.14,8.16,X0.00,361
2897　王道銀行,107/07/16,"615,815","5,027,385",8.18,8.18,8.15,8.17,+0.01,313
2897　王道銀行,107/07/17,"463,867","3,779,681",8.15,8.16,8.14,8.14,-0.03,140
2897　王道銀行,107/07/18,"1,286,766","10,467,310",8.14,8.15,8.12,8.15,+0.01,531
2897　王道銀行,107/07/19,"375,767","3,056,189",8.15,8.15,8.12,8.13,-0.02,138
2897　王道銀行,107/07/20,"788,700","6,399,622",8.13,8.14,8.10,8.11,-0.02,328
2897　王道銀行,107/07/23,"334,950","2,717,001",8.11,8.13,8.11,8.11, 0.00,100
2897　王道銀行,107/07/24,"425,099","3,447,710",8.11,8.13,8.10,8.13,+0.02,134
2897　王道銀行,107/07/25,"241,129","1,959,626",8.13,8.14,8.12,8.13, 0.00,86
2897　王道銀行,107/07/26,"558,509","4,533,756",8.13,8.13,8.11,8.13, 0.00,146
2897　王道銀行,107/07/27,"784,340","6,391,617",8.13,8.18,8.12,8.18,+0.05,159
2897　王道銀行,107/07/30,"476,890","3,902,127",8.18,8.19,8.17,8.18, 0.00,144
2897　王道銀行,107/07/31,"630,538","5,176,321",8.18,8.25,8.17,8.24,+0.06,248
2897　王道銀行,107/08/01,"308,766","2,556,248",8.26,8.30,8.25,8.29,+0.05,162
2897　王道銀行,107/08/02,"828,000","6,829,810",8.32,8.33,8.19,8.21,-0.08,338
2897　王道銀行,107/08/03,"312,000","2,566,350",8.23,8.26,8.20,8.24,+0.03,152
2897　王道銀行,107/08/06,"269,170","2,218,656",8.26,8.26,8.23,8.24, 0.00,113
2897　王道銀行,107/08/07,"536,500","4,422,934",8.24,8.26,8.22,8.25,+0.01,110
2897　王道銀行,107/08/08,"528,000","4,360,920",8.25,8.27,8.24,8.26,+0.01,135
2897　王道銀行,107/08/09,"427,021","3,527,779",8.26,8.28,8.24,8.27,+0.01,110
2897　王道銀行,107/08/10,"509,766","4,221,900",8.27,8.29,8.25,8.28,+0.01,132
2897　王道銀行,107/08/13,"436,383","3,587,179",8.26,8.26,8.20,8.20,-0.08,224
2897　王道銀行,107/08/14,"350,185","2,869,900",8.20,8.22,8.18,8.21,+0.01,102
2897　王道銀行,107/08/15,"461,500","3,773,854",8.20,8.20,8.16,8.18,-0.03,148
2897　王道銀行,107/08/16,"495,617","4,051,942",8.15,8.21,8.14,8.20,+0.02,140
2897　王道銀行,107/08/17,"347,485","2,844,908",8.20,8.21,8.16,8.18,-0.02,125
2897　王道銀行,107/08/20,"396,383","3,257,195",8.19,8.24,8.17,8.24,+0.06,254
2897　王道銀行,107/08/21,"488,851","4,033,274",8.25,8.27,8.20,8.26,+0.02,230
2897　王道銀行,107/08/22,"516,913","4,263,800",8.27,8.28,8.20,8.22,-0.04,229
2897　王道銀行,107/08/23,"1,503,316","12,468,645",8.22,8.32,8.20,8.30,+0.08,302
2897　王道銀行,107/08/24,"201,720","1,667,046",8.30,8.30,8.25,8.28,-0.02,79
2897　王道銀行,107/08/27,"453,939","3,738,916",8.28,8.28,8.22,8.24,-0.04,107
2897　王道銀行,107/08/28,"315,220","2,594,969",8.24,8.28,8.22,8.24, 0.00,100
2897　王道銀行,107/08/29,"607,766","5,003,567",8.23,8.25,8.21,8.21,-0.03,202
2897　王道銀行,107/08/30,"226,300","1,858,060",8.21,8.22,8.20,8.20,-0.01,111
2897　王道銀行,107/08/31,"608,159","4,986,393",8.20,8.22,8.18,8.20, 0.00,238
2897　王道銀行,107/09/03,"273,316","2,242,359",8.19,8.22,8.18,8.20, 0.00,180
2897　王道銀行,107/09/04,"242,771","1,990,458",8.20,8.22,8.19,8.21,+0.01,78
2897　王道銀行,107/09/05,"365,301","2,991,760",8.21,8.21,8.18,8.19,-0.02,168
2897　王道銀行,107/09/06,"411,035","3,359,904",8.17,8.19,8.16,8.16,-0.03,146
2897　王道銀行,107/09/07,"721,436","5,875,513",8.18,8.18,8.13,8.15,-0.01,282
2897　王道銀行,107/09/10,"1,047,716","8,484,413",8.15,8.16,8.08,8.09,-0.06,382
2897　王道銀行,107/09/11,"929,801","7,533,166",8.11,8.15,8.07,8.14,+0.05,296
2897　王道銀行,107/09/12,"413,548","3,355,003",8.15,8.15,8.09,8.15,+0.01,229
2897　王道銀行,107/09/13,"634,771","5,172,010",8.15,8.20,8.11,8.16,+0.01,245
2897　王道銀行,107/09/14,"616,353","5,050,821",8.17,8.22,8.17,8.21,+0.05,229
2897　王道銀行,107/09/17,"287,383","2,348,746",8.19,8.19,8.15,8.18,-0.03,89
2897　王道銀行,107/09/18,"717,860","5,876,766",8.18,8.22,8.15,8.22,+0.04,317
2897　王道銀行,107/09/19,"1,035,237","8,489,372",8.22,8.23,8.17,8.22, 0.00,679
2897　王道銀行,107/09/20,"326,619","2,679,036",8.22,8.22,8.19,8.20,-0.02,122
2897　王道銀行,107/09/21,"1,289,383","10,600,458",8.18,8.26,8.18,8.24,+0.04,321
2897　王道銀行,107/09/25,"614,286","5,060,568",8.25,8.25,8.21,8.22,-0.02,161
2897　王道銀行,107/09/26,"440,812","3,629,340",8.22,8.24,8.22,8.24,+0.02,139
2897　王道銀行,107/09/27,"1,113,534","9,196,021",8.24,8.28,8.24,8.26,+0.02,242
2897　王道銀行,107/09/28,"1,511,500","12,525,309",8.27,8.31,8.26,8.27,+0.01,450
2897　王道銀行,107/10/01,"924,081","7,626,126",8.28,8.28,8.24,8.25,-0.02,170
2897　王道銀行,107/10/02,"1,132,851","9,327,343",8.25,8.26,8.22,8.22,-0.03,222
2897　王道銀行,107/10/03,"1,143,200","9,382,969",8.22,8.23,8.19,8.20,-0.02,365
2897　王道銀行,107/10/04,"309,258","2,532,365",8.20,8.20,8.17,8.20, 0.00,133
2897　王道銀行,107/10/05,"731,841","5,975,619",8.20,8.20,8.14,8.15,-0.05,268
2897　王道銀行,107/10/08,"1,052,311","8,544,983",8.13,8.15,8.11,8.12,-0.03,233
2897　王道銀行,107/10/09,"694,152","5,634,989",8.12,8.16,8.10,8.12, 0.00,210
2897　王道銀行,107/10/11,"2,553,075","19,981,826",8.08,8.08,7.60,7.68,-0.44,951
2897　王道銀行,107/10/12,"1,688,183","12,867,536",7.60,7.75,7.55,7.70,+0.02,716
2897　王道銀行,107/10/15,"1,282,796","9,867,133",7.70,7.71,7.68,7.68,-0.02,458
2897　王道銀行,107/10/16,"820,700","6,359,000",7.68,8.00,7.68,7.90,+0.22,251
2897　王道銀行,107/10/17,"1,121,680","8,783,174",7.90,7.97,7.72,7.72,-0.18,426
2897　王道銀行,107/10/18,"315,200","2,429,876",7.80,7.80,7.61,7.73,+0.01,107
2897　王道銀行,107/10/19,"660,279","5,079,899",7.73,7.73,7.62,7.66,-0.07,220
2897　王道銀行,107/10/22,"406,553","3,119,121",7.66,7.73,7.64,7.73,+0.07,138
2897　王道銀行,107/10/23,"560,020","4,287,490",7.70,7.72,7.61,7.62,-0.11,307
2897　王道銀行,107/10/24,"521,100","3,952,619",7.62,7.65,7.55,7.61,-0.01,298
2897　王道銀行,107/10/25,"1,373,029","10,344,298",7.58,7.61,7.40,7.60,-0.01,348
2897　王道銀行,107/10/26,"402,000","3,055,740",7.60,7.66,7.57,7.57,-0.03,151
2897　王道銀行,107/10/29,"299,100","2,252,047",7.57,7.66,7.45,7.62,+0.05,129
2897　王道銀行,107/10/30,"754,480","5,690,982",7.57,7.60,7.51,7.54,-0.08,282
2897　王道銀行,107/10/31,"694,096","5,256,230",7.54,7.61,7.53,7.61,+0.07,248
2897　王道銀行,107/11/01,"773,383","5,978,617",7.61,7.80,7.60,7.79,+0.18,254
2897　王道銀行,107/11/02,"1,272,577","10,127,223",7.79,8.10,7.79,7.99,+0.20,399
2897　王道銀行,107/11/05,"636,903","5,086,074",7.90,8.03,7.89,8.00,+0.01,224
2897　王道銀行,107/11/06,"429,210","3,447,480",8.01,8.06,7.95,8.05,+0.05,145
2897　王道銀行,107/11/07,"824,500","6,697,704",8.08,8.15,8.05,8.10,+0.05,193
2897　王道銀行,107/11/08,"1,854,720","15,280,396",8.15,8.26,8.15,8.25,+0.15,358
2897　王道銀行,107/11/09,"1,068,469","8,812,093",8.25,8.26,8.20,8.25, 0.00,248
2897　王道銀行,107/11/12,"801,822","6,602,740",8.10,8.26,8.10,8.20,-0.05,223
2897　王道銀行,107/11/13,"264,115","2,155,884",8.14,8.20,8.11,8.15,-0.05,108
2897　王道銀行,107/11/14,"255,003","2,088,394",8.20,8.20,8.18,8.18,+0.03,132
2897　王道銀行,107/11/15,"500,187","4,074,082",8.18,8.18,8.10,8.15,-0.03,189
2897　王道銀行,107/11/16,"354,668","2,917,483",8.30,8.31,8.16,8.17,+0.02,137
2897　王道銀行,107/11/19,"448,716","3,662,059",8.17,8.22,8.12,8.15,-0.02,170
2897　王道銀行,107/11/20,"355,293","2,900,608",8.20,8.22,8.12,8.16,+0.01,114
2897　王道銀行,107/11/21,"199,683","1,627,482",8.16,8.16,8.13,8.16, 0.00,65
2897　王道銀行,107/11/22,"142,000","1,153,910",8.16,8.16,8.11,8.12,-0.04,68
2897　王道銀行,107/11/23,"170,665","1,384,916",8.12,8.15,8.10,8.11,-0.01,87
2897　王道銀行,107/11/26,"443,999","3,621,061",8.10,8.20,8.10,8.13,+0.02,223
2897　王道銀行,107/11/27,"518,000","4,193,280",8.18,8.18,8.07,8.08,-0.05,127
2897　王道銀行,107/11/28,"319,400","2,582,160",8.08,8.10,8.07,8.09,+0.01,92
2897　王道銀行,107/11/29,"246,000","1,994,550",8.13,8.14,8.10,8.11,+0.02,64
2897　王道銀行,107/11/30,"337,000","2,725,770",8.15,8.15,8.07,8.07,-0.04,116
2897　王道銀行,107/12/03,"589,179","4,774,039",8.10,8.14,8.06,8.11,+0.04,125
2897　王道銀行,107/12/04,"367,153","2,964,070",8.06,8.13,8.06,8.08,-0.03,142
2897　王道銀行,107/12/05,"579,384","4,644,493",8.06,8.06,7.99,8.01,-0.07,282
2897　王道銀行,107/12/06,"756,862","6,044,472",8.01,8.01,7.96,7.96,-0.05,316
2897　王道銀行,107/12/07,"686,998","5,465,394",7.96,8.02,7.93,8.00,+0.04,170
2897　王道銀行,107/12/10,"210,040","1,678,936",8.00,8.01,7.95,8.00, 0.00,62
2897　王道銀行,107/12/11,"79,301","634,926",8.00,8.01,8.00,8.01,+0.01,37
2897　王道銀行,107/12/12,"216,383","1,736,792",8.00,8.10,8.00,8.01, 0.00,140
2897　王道銀行,107/12/13,"69,383","556,097",8.02,8.05,8.00,8.01, 0.00,45
2897　王道銀行,107/12/14,"402,045","3,207,720",8.00,8.04,7.95,7.95,-0.06,133
2897　王道銀行,107/12/17,"233,437","1,867,889",7.95,8.02,7.95,8.01,+0.06,74
2897　王道銀行,107/12/18,"513,383","4,099,782",8.00,8.01,7.93,8.00,-0.01,85
2897　王道銀行,107/12/19,"297,000","2,375,310",8.00,8.04,7.97,8.00, 0.00,99
2897　王道銀行,107/12/20,"455,000","3,639,520",8.00,8.02,7.98,8.00, 0.00,107
2897　王道銀行,107/12/21,"318,740","2,548,239",7.95,8.00,7.95,8.00, 0.00,75
2897　王道銀行,107/12/22,"130,000","1,038,830",8.00,8.01,7.95,8.00, 0.00,56
2897　王道銀行,107/12/24,"148,383","1,186,287",7.97,8.01,7.96,8.00, 0.00,66
2897　王道銀行,107/12/25,"542,000","4,323,530",7.95,8.02,7.94,8.02,+0.02,133
2897　王道銀行,107/12/26,"364,300","2,906,449",8.00,8.01,7.92,8.00,-0.02,217
2897　王道銀行,107/12/27,"178,231","1,425,258",8.00,8.01,7.98,8.00, 0.00,62
2897　王道銀行,107/12/28,"243,100","1,942,045",8.00,8.00,7.96,8.00, 0.00,55
2897　王道銀行,108/01/02,"49,500","395,700",8.00,8.00,7.96,7.99,-0.01,35
2897　王道銀行,108/01/03,"77,000","614,450",8.00,8.00,7.97,7.98,-0.01,45
2897　王道銀行,108/01/04,"215,050","1,705,204",7.96,7.96,7.90,7.92,-0.06,122
2897　王道銀行,108/01/07,"191,788","1,522,685",7.95,7.95,7.92,7.93,+0.01,81
2897　王道銀行,108/01/08,"421,045","3,318,920",7.95,7.95,7.85,7.89,-0.04,236
2897　王道銀行,108/01/09,"295,383","2,348,062",7.95,7.98,7.90,7.95,+0.06,143
2897　王道銀行,108/01/10,"200,510","1,587,134",7.91,7.95,7.90,7.90,-0.05,93
2897　王道銀行,108/01/11,"294,210","2,328,347",7.90,7.95,7.90,7.90, 0.00,140
2897　王道銀行,108/01/14,"580,309","4,556,584",7.85,7.88,7.81,7.82,-0.08,230
2897　王道銀行,108/01/15,"271,393","2,134,629",7.82,7.89,7.82,7.88,+0.06,95
2897　王道銀行,108/01/16,"889,801","6,978,062",7.88,7.88,7.82,7.85,-0.03,377
2897　王道銀行,108/01/17,"227,999","1,790,867",7.85,7.88,7.83,7.84,-0.01,155
2897　王道銀行,108/01/18,"191,204","1,496,684",7.88,7.88,7.80,7.84, 0.00,74
2897　王道銀行,108/01/21,"316,500","2,483,394",7.82,7.89,7.82,7.84, 0.00,117
2897　王道銀行,108/01/22,"130,166","1,019,293",7.84,7.86,7.82,7.83,-0.01,60
2897　王道銀行,108/01/23,"372,392","2,911,843",7.83,7.86,7.78,7.80,-0.03,188
2897　王道銀行,108/01/24,"738,999","5,754,455",7.84,7.84,7.77,7.79,-0.01,169
2897　王道銀行,108/01/25,"292,161","2,277,861",7.79,7.81,7.78,7.79, 0.00,153
2897　王道銀行,108/01/28,"285,186","2,223,725",7.80,7.86,7.79,7.79, 0.00,129
2897　王道銀行,108/01/29,"434,800","3,384,084",7.83,7.83,7.77,7.79, 0.00,190
2897　王道銀行,108/01/30,"370,383","2,890,155",7.79,7.84,7.79,7.83,+0.04,118
2897　王道銀行,108/02/11,"243,420","1,907,656",7.83,7.86,7.83,7.84,+0.01,82
2897　王道銀行,108/02/12,"287,500","2,253,264",7.84,7.86,7.82,7.84, 0.00,177
2897　王道銀行,108/02/13,"177,999","1,393,741",7.81,7.85,7.81,7.84, 0.00,88
2897　王道銀行,108/02/14,"253,000","1,988,630",7.84,7.88,7.84,7.86,+0.02,90
2897　王道銀行,108/02/15,"245,532","1,930,951",7.86,7.88,7.85,7.87,+0.01,101
2897　王道銀行,108/02/18,"604,351","4,761,461",7.88,7.90,7.86,7.89,+0.02,201
2897　王道銀行,108/02/19,"343,000","2,705,750",7.90,7.92,7.87,7.90,+0.01,122
2897　王道銀行,108/02/20,"433,133","3,427,167",7.90,7.96,7.89,7.92,+0.02,252
2897　王道銀行,108/02/21,"647,379","5,117,309",7.91,7.93,7.88,7.92, 0.00,209
2897　王道銀行,108/02/22,"357,648","2,818,593",7.90,7.93,7.85,7.91,-0.01,147
2897　王道銀行,108/02/25,"452,733","3,574,375",7.88,7.92,7.88,7.91, 0.00,121
2897　王道銀行,108/02/26,"334,181","2,642,262",7.91,7.93,7.89,7.89,-0.02,114
2897　王道銀行,108/02/27,"342,019","2,701,346",7.89,7.91,7.88,7.90,+0.01,97
2897　王道銀行,108/03/04,"1,360,522","10,581,359",7.83,7.83,7.70,7.80,-0.10,444
2897　王道銀行,108/03/05,"2,003,029","15,409,850",7.78,7.78,7.68,7.68,-0.12,605
2897　王道銀行,108/03/06,"2,496,516","19,139,889",7.68,7.70,7.65,7.69,+0.01,558
2897　王道銀行,108/03/07,"1,299,833","9,980,394",7.69,7.71,7.65,7.66,-0.03,334
2897　王道銀行,108/03/08,"565,271","4,327,894",7.65,7.69,7.64,7.66, 0.00,159
2897　王道銀行,108/03/11,"768,491","5,959,148",7.70,7.80,7.70,7.75,+0.09,234
2897　王道銀行,108/03/12,"653,201","5,086,017",7.76,7.82,7.76,7.76,+0.01,211
2897　王道銀行,108/03/13,"400,000","3,106,440",7.77,7.79,7.74,7.74,-0.02,140
2897　王道銀行,108/03/14,"640,999","4,961,461",7.74,7.77,7.71,7.73,-0.01,276
2897　王道銀行,108/03/15,"2,763,042","21,950,201",7.79,8.00,7.79,7.97,+0.24,828
2897　王道銀行,108/03/18,"797,768","6,353,874",8.00,8.00,7.91,7.97, 0.00,293
2897　王道銀行,108/03/19,"1,105,448","8,803,407",8.00,8.00,7.94,7.94,-0.03,434
2897　王道銀行,108/03/20,"1,700,391","13,436,873",7.95,7.95,7.87,7.92,-0.02,509
2897　王道銀行,108/03/21,"781,647","6,163,485",7.90,7.92,7.86,7.90,-0.02,294
2897　王道銀行,108/03/22,"1,084,732","8,554,117",7.92,7.95,7.85,7.86,-0.04,296
2897　王道銀行,108/03/25,"774,478","6,057,366",7.85,7.85,7.81,7.82,-0.04,220
2897　王道銀行,108/03/26,"455,382","3,569,003",7.85,7.85,7.83,7.83,+0.01,140
2897　王道銀行,108/03/27,"573,395","4,484,469",7.84,7.88,7.79,7.80,-0.03,223
2897　王道銀行,108/03/28,"647,805","5,051,995",7.81,7.83,7.78,7.80, 0.00,206
2897　王道銀行,108/03/29,"722,063","5,645,690",7.81,7.86,7.79,7.84,+0.04,247
2897　王道銀行,108/04/01,"855,162","6,676,244",7.85,7.86,7.78,7.78,-0.06,267
2897　王道銀行,108/04/02,"1,160,513","9,023,863",7.80,7.80,7.75,7.79,+0.01,349
2897　王道銀行,108/04/03,"988,240","7,718,752",7.79,7.90,7.77,7.85,+0.06,280
2897　王道銀行,108/04/08,"1,078,247","8,454,853",7.89,7.90,7.79,7.85, 0.00,397
2897　王道銀行,108/04/09,"607,927","4,774,903",7.85,7.87,7.84,7.85, 0.00,173
2897　王道銀行,108/04/10,"937,072","7,344,053",7.87,7.95,7.79,7.95,+0.10,560
2897　王道銀行,108/04/11,"1,110,592","8,754,771",7.95,7.96,7.83,7.85,-0.10,379
2897　王道銀行,108/04/12,"926,556","7,274,450",7.86,7.90,7.82,7.82,-0.03,278
2897　王道銀行,108/04/15,"712,000","5,599,160",7.84,7.89,7.83,7.88,+0.06,236
2897　王道銀行,108/04/16,"561,413","4,401,383",7.88,7.89,7.81,7.84,-0.04,227
2897　王道銀行,108/04/17,"955,999","7,488,996",7.84,7.90,7.80,7.89,+0.05,507
2897　王道銀行,108/04/18,"451,900","3,544,063",7.88,7.88,7.81,7.81,-0.08,179
2897　王道銀行,108/04/19,"563,047","4,400,858",7.81,7.85,7.80,7.81, 0.00,223
2897　王道銀行,108/04/22,"591,766","4,625,870",7.81,7.85,7.80,7.80,-0.01,442
2897　王道銀行,108/04/23,"336,555","2,631,914",7.80,7.84,7.80,7.83,+0.03,112
2897　王道銀行,108/04/24,"347,041","2,714,038",7.83,7.84,7.81,7.81,-0.02,101
2897　王道銀行,108/04/25,"321,483","2,516,156",7.81,7.84,7.81,7.82,+0.01,106
2897　王道銀行,108/04/26,"416,074","3,254,623",7.84,7.84,7.81,7.82, 0.00,110
2897　王道銀行,108/04/29,"518,917","4,066,022",7.82,7.85,7.82,7.84,+0.02,154
2897　王道銀行,108/04/30,"996,268","7,856,056",7.85,7.92,7.83,7.91,+0.07,335
2897　王道銀行,108/05/02,"1,047,600","8,288,219",7.92,7.94,7.90,7.92,+0.01,270
2897　王道銀行,108/05/03,"629,582","4,979,022",7.92,7.93,7.89,7.91,-0.01,184
2897　王道銀行,108/05/06,"641,996","5,031,295",7.87,7.87,7.82,7.82,-0.09,200
2897　王道銀行,108/05/07,"480,638","3,760,309",7.82,7.86,7.81,7.83,+0.01,288
2897　王道銀行,108/05/08,"1,721,600","13,596,666",7.84,7.95,7.84,7.94,+0.11,514
2897　王道銀行,108/05/09,"931,100","7,360,595",7.95,7.95,7.88,7.91,-0.03,268
2897　王道銀行,108/05/10,"651,462","5,159,002",7.91,7.95,7.90,7.91, 0.00,205
2897　王道銀行,108/05/13,"416,300","3,284,819",7.91,7.91,7.87,7.89,-0.02,144
2897　王道銀行,108/05/14,"982,034","7,729,955",7.85,7.92,7.82,7.92,+0.03,327
2897　王道銀行,108/05/15,"1,692,392","13,416,740",7.92,7.95,7.89,7.93,+0.01,265
2897　王道銀行,108/05/16,"701,383","5,536,887",7.95,7.95,7.86,7.87,-0.06,209
2897　王道銀行,108/05/17,"609,500","4,787,249",7.89,7.91,7.80,7.82,-0.05,229
2897　王道銀行,108/05/20,"803,818","6,296,710",7.82,7.89,7.80,7.85,+0.03,223
2897　王道銀行,108/05/21,"1,301,952","10,257,895",7.85,7.93,7.82,7.92,+0.07,284
2897　王道銀行,108/05/22,"736,694","5,834,974",7.92,7.94,7.89,7.93,+0.01,274
2897　王道銀行,108/05/23,"467,203","3,695,129",7.93,7.93,7.88,7.91,-0.02,147
2897　王道銀行,108/05/24,"1,631,499","12,971,971",7.91,8.00,7.91,7.98,+0.07,393
2897　王道銀行,108/05/27,"6,080,168","49,741,528",7.99,8.28,7.99,8.23,+0.25,"1,529"
2897　王道銀行,108/05/28,"3,412,048","28,390,190",8.25,8.44,8.25,8.27,+0.04,"1,155"
2897　王道銀行,108/05/29,"1,620,380","13,302,303",8.25,8.25,8.15,8.22,-0.05,691
2897　王道銀行,108/05/30,"4,961,428","41,721,638",8.25,8.49,8.24,8.49,+0.27,"1,504"
2897　王道銀行,108/05/31,"2,859,032","24,178,327",8.51,8.53,8.36,8.43,-0.06,"1,285"
2897　王道銀行,108/06/03,"1,821,416","15,115,639",8.38,8.40,8.19,8.37,-0.06,824
2897　王道銀行,108/06/04,"1,438,392","12,010,200",8.39,8.42,8.30,8.33,-0.04,509
2897　王道銀行,108/06/05,"1,571,177","13,053,445",8.34,8.36,8.29,8.32,-0.01,450
2897　王道銀行,108/06/06,"813,214","6,766,098",8.32,8.34,8.29,8.31,-0.01,273
2897　王道銀行,108/06/10,"2,568,567","21,690,837",8.32,8.50,8.32,8.43,+0.12,736
2897　王道銀行,108/06/11,"2,069,592","17,441,149",8.43,8.49,8.37,8.41,-0.02,673
2897　王道銀行,108/06/12,"1,522,350","12,641,420",8.40,8.40,8.24,8.30,-0.11,549
2897　王道銀行,108/06/13,"1,241,100","10,242,043",8.28,8.30,8.21,8.27,-0.03,368
2897　王道銀行,108/06/14,"868,728","7,189,007",8.27,8.32,8.24,8.26,-0.01,231
2897　王道銀行,108/06/17,"1,023,621","8,464,694",8.26,8.33,8.20,8.33,+0.07,432
2897　王道銀行,108/06/18,"717,186","5,949,323",8.35,8.35,8.26,8.30,-0.03,275
2897　王道銀行,108/06/19,"1,498,713","12,457,309",8.30,8.35,8.28,8.30, 0.00,778
2897　王道銀行,108/06/20,"981,199","8,182,915",8.32,8.37,8.32,8.35,+0.05,313
2897　王道銀行,108/06/21,"785,720","6,561,611",8.35,8.37,8.32,8.34,-0.01,297
2897　王道銀行,108/06/24,"611,758","5,097,707",8.34,8.35,8.31,8.34, 0.00,249
2897　王道銀行,108/06/25,"812,564","6,739,527",8.34,8.34,8.28,8.28,-0.06,270
2897　王道銀行,108/06/26,"1,320,513","10,870,060",8.28,8.28,8.20,8.25,-0.03,354
2897　王道銀行,108/06/27,"992,305","8,172,036",8.25,8.29,8.19,8.28,+0.03,413
2897　王道銀行,108/06/28,"391,038","3,227,459",8.28,8.28,8.23,8.24,-0.04,131
2897　王道銀行,108/07/01,"1,190,914","9,782,131",8.22,8.24,8.20,8.23,-0.01,310
2897　王道銀行,108/07/02,"5,334,519","42,889,878",8.19,8.19,7.93,7.96,-0.27,"1,654"
2897　王道銀行,108/07/03,"2,450,883","19,272,913",7.93,7.93,7.78,7.87,-0.09,953
2897　王道銀行,108/07/04,"605,533","4,801,434",7.87,7.98,7.87,7.93,+0.06,286
2897　王道銀行,108/07/05,"486,766","3,870,392",7.98,7.98,7.93,7.97,+0.04,187
2897　王道銀行,108/07/08,"662,799","5,238,002",7.95,7.95,7.88,7.89,-0.08,264
2897　王道銀行,108/07/09,"659,850","5,206,480",7.88,7.94,7.87,7.88,-0.01,217
2897　王道銀行,108/07/10,"699,149","5,520,504",7.90,7.93,7.87,7.89,+0.01,421
2897　王道銀行,108/07/11,"420,845","3,335,536",7.89,7.96,7.89,7.95,+0.06,144
2897　王道銀行,108/07/12,"336,946","2,666,948",7.96,7.96,7.89,7.91,-0.04,158
2897　王道銀行,108/07/15,"342,766","2,705,738",7.90,7.91,7.87,7.89,-0.02,117
2897　王道銀行,108/07/16,"998,156","7,888,228",7.89,7.96,7.87,7.96,+0.07,323
2897　王道銀行,108/07/17,"1,132,823","9,015,894",7.96,7.99,7.87,7.97,+0.01,505
2897　王道銀行,108/07/18,"401,400","3,183,961",7.92,7.96,7.91,7.91,-0.06,131
2897　王道銀行,108/07/19,"555,830","4,402,045",7.91,7.95,7.89,7.89,-0.02,203
2897　王道銀行,108/07/22,"425,245","3,366,067",7.89,7.93,7.89,7.91,+0.02,114
2897　王道銀行,108/07/23,"322,592","2,557,198",7.92,7.95,7.91,7.94,+0.03,110
2897　王道銀行,108/07/24,"1,094,600","8,629,041",7.94,7.95,7.82,7.88,-0.06,523
2897　王道銀行,108/07/25,"545,080","4,294,670",7.88,7.92,7.84,7.88, 0.00,129
2897　王道銀行,108/07/26,"202,030","1,590,797",7.88,7.88,7.86,7.88, 0.00,79
2897　王道銀行,108/07/29,"497,776","3,916,294",7.87,7.89,7.85,7.87,-0.01,155
2897　王道銀行,108/07/30,"434,000","3,419,420",7.87,7.92,7.86,7.92,+0.05,159
2897　王道銀行,108/07/31,"498,979","3,933,094",7.90,7.92,7.86,7.86,-0.06,349
2897　王道銀行,108/08/01,"285,101","2,238,698",7.85,7.87,7.84,7.86, 0.00,115
2897　王道銀行,108/08/02,"410,227","3,213,091",7.84,7.85,7.82,7.84,-0.02,164
2897　王道銀行,108/08/05,"627,050","4,900,721",7.81,7.84,7.80,7.80,-0.04,199
2897　王道銀行,108/08/06,"765,110","5,954,122",7.75,7.97,7.70,7.87,+0.07,268
2897　王道銀行,108/08/07,"455,719","3,555,682",7.87,7.87,7.77,7.78,-0.09,384
2897　王道銀行,108/08/08,"370,526","2,886,928",7.82,7.82,7.78,7.79,+0.01,114
2897　王道銀行,108/08/12,"410,149","3,187,427",7.75,7.80,7.75,7.79, 0.00,173
2897　王道銀行,108/08/13,"321,362","2,507,131",7.79,7.82,7.78,7.78,-0.01,136
2897　王道銀行,108/08/14,"472,700","3,682,256",7.78,7.81,7.77,7.77,-0.01,152
2897　王道銀行,108/08/15,"421,380","3,258,302",7.71,7.76,7.71,7.75,-0.02,144
2897　王道銀行,108/08/16,"596,759","4,655,441",7.75,7.87,7.73,7.79,+0.04,430
2897　王道銀行,108/08/19,"494,010","3,867,170",7.79,7.90,7.76,7.84,+0.05,352
2897　王道銀行,108/08/20,"929,776","7,231,021",7.84,7.84,7.75,7.79,-0.05,315
2897　王道銀行,108/08/21,"956,661","7,403,136",7.80,7.80,7.71,7.75,-0.04,497
2897　王道銀行,108/08/22,"606,100","4,681,350",7.75,7.76,7.70,7.72,-0.03,197
2897　王道銀行,108/08/23,"500,793","3,864,088",7.72,7.74,7.70,7.74,+0.02,196
2897　王道銀行,108/08/26,"1,815,881","13,837,772",7.70,7.70,7.60,7.61,-0.13,507
2897　王道銀行,108/08/27,"541,188","4,119,483",7.62,7.67,7.60,7.60,-0.01,198
2897　王道銀行,108/08/28,"685,788","5,217,673",7.61,7.65,7.58,7.64,+0.04,280
2897　王道銀行,108/08/29,"690,000","5,245,570",7.64,7.64,7.59,7.62,-0.02,203
2897　王道銀行,108/08/30,"1,207,462","9,185,442",7.63,7.64,7.59,7.63,+0.01,286
2897　王道銀行,108/09/02,"1,724,508","13,142,723",7.62,7.65,7.60,7.64,+0.01,202
2897　王道銀行,108/09/03,"1,653,149","12,576,665",7.64,7.64,7.60,7.61,-0.03,248
2897　王道銀行,108/09/04,"1,286,400","9,814,085",7.61,7.68,7.61,7.65,+0.04,488
2897　王道銀行,108/09/05,"1,106,776","8,448,844",7.65,7.68,7.61,7.65, 0.00,253
2897　王道銀行,108/09/06,"1,217,457","9,290,303",7.67,7.67,7.62,7.65, 0.00,261
2897　王道銀行,108/09/09,"1,425,479","10,924,210",7.65,7.69,7.65,7.67,+0.02,257
2897　王道銀行,108/09/10,"1,266,299","9,736,426",7.69,7.74,7.66,7.69,+0.02,293
2897　王道銀行,108/09/11,"2,133,763","16,441,303",7.70,7.73,7.68,7.73,+0.04,580
2897　王道銀行,108/09/12,"1,354,010","10,480,661",7.72,7.78,7.72,7.75,+0.02,393
2897　王道銀行,108/09/16,"1,952,293","15,152,696",7.78,7.78,7.75,7.75, 0.00,416
2897　王道銀行,108/09/17,"1,214,829","9,370,624",7.75,7.78,7.70,7.73,-0.02,275
2897　王道銀行,108/09/18,"1,028,483","7,945,175",7.75,7.75,7.71,7.73, 0.00,687
2897　王道銀行,108/09/19,"667,125","5,144,343",7.74,7.74,7.70,7.73, 0.00,144
2897　王道銀行,108/09/20,"554,010","4,278,680",7.73,7.74,7.71,7.72,-0.01,152
2897　王道銀行,108/09/23,"406,480","3,138,517",7.73,7.74,7.71,7.72, 0.00,138
2897　王道銀行,108/09/24,"530,000","4,091,700",7.72,7.74,7.71,7.72, 0.00,134
2897　王道銀行,108/09/25,"929,907","7,171,217",7.72,7.75,7.70,7.71,-0.01,348
2897　王道銀行,108/09/26,"568,393","4,385,189",7.71,7.73,7.70,7.70,-0.01,232
2897　王道銀行,108/09/27,"940,383","7,221,229",7.71,7.71,7.66,7.67,-0.03,335
2897　王道銀行,108/10/01,"759,123","5,817,395",7.70,7.70,7.64,7.64,-0.03,259
2897　王道銀行,108/10/02,"1,162,149","8,852,747",7.65,7.65,7.60,7.62,-0.02,216
2897　王道銀行,108/10/03,"646,432","4,905,632",7.60,7.60,7.57,7.60,-0.02,212
2897　王道銀行,108/10/04,"1,187,010","9,013,950",7.59,7.61,7.58,7.60, 0.00,201
2897　王道銀行,108/10/07,"575,055","4,374,095",7.60,7.63,7.59,7.61,+0.01,184
2897　王道銀行,108/10/08,"1,178,654","9,000,051",7.62,7.67,7.62,7.65,+0.04,298
2897　王道銀行,108/10/09,"607,525","4,625,852",7.65,7.65,7.59,7.60,-0.05,274
2897　王道銀行,108/10/14,"929,926","7,131,343",7.62,7.69,7.62,7.67,+0.07,380
2897　王道銀行,108/10/15,"707,260","5,420,724",7.67,7.69,7.63,7.68,+0.01,268
2897　王道銀行,108/10/16,"1,201,966","9,250,927",7.69,7.75,7.66,7.72,+0.04,517
2897　王道銀行,108/10/17,"581,668","4,496,855",7.74,7.76,7.71,7.73,+0.01,218
2897　王道銀行,108/10/18,"755,169","5,814,703",7.70,7.74,7.68,7.71,-0.02,188
2897　王道銀行,108/10/21,"446,170","3,439,400",7.70,7.73,7.67,7.70,-0.01,172
2897　王道銀行,108/10/22,"348,501","2,681,911",7.70,7.71,7.68,7.69,-0.01,112
2897　王道銀行,108/10/23,"1,006,200","7,705,268",7.69,7.70,7.63,7.67,-0.02,424
2897　王道銀行,108/10/24,"964,462","7,421,317",7.65,7.71,7.65,7.70,+0.03,151
2897　王道銀行,108/10/25,"664,744","5,118,554",7.70,7.72,7.68,7.71,+0.01,191
2897　王道銀行,108/10/28,"488,151","3,756,269",7.71,7.72,7.68,7.70,-0.01,151
2897　王道銀行,108/10/29,"821,053","6,316,947",7.69,7.71,7.67,7.68,-0.02,161
2897　王道銀行,108/10/30,"697,173","5,348,211",7.68,7.69,7.65,7.69,+0.01,219
2897　王道銀行,108/10/31,"768,159","5,913,997",7.69,7.71,7.68,7.68,-0.01,255
2897　王道銀行,108/11/01,"759,393","5,819,056",7.70,7.70,7.65,7.67,-0.01,204
2897　王道銀行,108/11/04,"1,027,500","7,907,024",7.70,7.73,7.67,7.71,+0.04,262
2897　王道銀行,108/11/05,"938,751","7,245,892",7.72,7.73,7.70,7.73,+0.02,228
2897　王道銀行,108/11/06,"1,012,712","7,832,995",7.73,7.76,7.71,7.72,-0.01,336
2897　王道銀行,108/11/07,"1,693,818","13,111,832",7.77,7.78,7.72,7.75,+0.03,331
2897　王道銀行,108/11/08,"2,256,649","17,520,329",7.77,7.79,7.74,7.78,+0.03,378
2897　王道銀行,108/11/11,"1,356,461","10,525,335",7.81,7.82,7.74,7.74,-0.04,284
2897　王道銀行,108/11/12,"773,413","5,984,892",7.75,7.77,7.73,7.77,+0.03,180
2897　王道銀行,108/11/13,"1,652,221","12,770,590",7.76,7.76,7.71,7.72,-0.05,301
2897　王道銀行,108/11/14,"949,566","7,322,485",7.73,7.74,7.70,7.70,-0.02,198
2897　王道銀行,108/11/15,"847,359","6,541,469",7.75,7.75,7.70,7.74,+0.04,155
2897　王道銀行,108/11/18,"800,393","6,190,949",7.74,7.76,7.72,7.73,-0.01,155
2897　王道銀行,108/11/19,"639,893","4,941,424",7.73,7.75,7.71,7.74,+0.01,147
2897　王道銀行,108/11/20,"1,365,087","10,562,063",7.74,7.78,7.72,7.76,+0.02,359
2897　王道銀行,108/11/21,"448,182","3,470,563",7.76,7.76,7.73,7.76, 0.00,107
2897　王道銀行,108/11/22,"390,589","3,024,029",7.76,7.76,7.73,7.76, 0.00,100
2897　王道銀行,108/11/25,"594,859","4,624,903",7.80,7.80,7.76,7.77,+0.01,156
2897　王道銀行,108/11/26,"579,459","4,509,793",7.77,7.80,7.77,7.79,+0.02,173
2897　王道銀行,108/11/27,"895,395","6,958,613",7.79,7.80,7.75,7.78,-0.01,245
2897　王道銀行,108/11/28,"325,523","2,527,465",7.77,7.79,7.76,7.77,-0.01,87
2897　王道銀行,108/11/29,"657,239","5,100,207",7.76,7.77,7.75,7.76,-0.01,139
2897　王道銀行,108/12/02,"523,410","4,056,190",7.76,7.76,7.74,7.76, 0.00,139
2897　王道銀行,108/12/03,"214,496","1,664,976",7.76,7.77,7.75,7.76, 0.00,85
2897　王道銀行,108/12/04,"899,235","6,973,830",7.76,7.77,7.75,7.77,+0.01,236
2897　王道銀行,108/12/05,"694,510","5,381,783",7.77,7.77,7.74,7.74,-0.03,272
2897　王道銀行,108/12/06,"549,183","4,250,090",7.74,7.76,7.73,7.73,-0.01,201
2897　王道銀行,108/12/09,"515,510","3,992,190",7.73,7.77,7.73,7.77,+0.04,145
2897　王道銀行,108/12/10,"442,806","3,436,484",7.77,7.78,7.75,7.76,-0.01,104
2897　王道銀行,108/12/11,"723,393","5,615,517",7.75,7.77,7.75,7.77,+0.01,142
2897　王道銀行,108/12/12,"1,267,011","9,841,594",7.77,7.79,7.76,7.76,-0.01,134
2897　王道銀行,108/12/13,"1,811,236","14,072,953",7.77,7.79,7.76,7.76, 0.00,243
2897　王道銀行,108/12/16,"1,805,595","14,040,622",7.76,7.81,7.76,7.76, 0.00,481
2897　王道銀行,108/12/17,"2,606,675","20,316,519",7.76,7.84,7.76,7.79,+0.03,548
2897　王道銀行,108/12/18,"1,217,810","9,533,869",7.83,7.85,7.80,7.80,+0.01,556
2897　王道銀行,108/12/19,"1,043,560","8,132,910",7.80,7.83,7.78,7.78,-0.02,246
2897　王道銀行,108/12/20,"423,710","3,307,943",7.80,7.82,7.78,7.82,+0.04,139
2897　王道銀行,108/12/23,"550,776","4,311,675",7.82,7.85,7.81,7.84,+0.02,160
2897　王道銀行,108/12/24,"715,523","5,596,475",7.84,7.84,7.80,7.81,-0.03,160
2897　王道銀行,108/12/25,"981,669","7,702,858",7.81,7.89,7.80,7.87,+0.06,667
2897　王道銀行,108/12/26,"514,009","4,045,441",7.90,7.90,7.84,7.86,-0.01,156
2897　王道銀行,108/12/27,"449,706","3,531,570",7.90,7.90,7.84,7.84,-0.02,186
2897　王道銀行,108/12/30,"503,403","3,939,329",7.85,7.85,7.81,7.82,-0.02,149
2897　王道銀行,108/12/31,"735,666","5,738,512",7.80,7.82,7.79,7.81,-0.01,184
2897　王道銀行,109/01/02,"452,910","3,536,929",7.81,7.82,7.79,7.81, 0.00,277
2897　王道銀行,109/01/03,"525,079","4,107,192",7.81,7.84,7.80,7.83,+0.02,306
2897　王道銀行,109/01/06,"816,819","6,369,666",7.83,7.83,7.78,7.79,-0.04,245
2897　王道銀行,109/01/07,"453,020","3,532,920",7.79,7.82,7.79,7.80,+0.01,241
2897　王道銀行,109/01/08,"711,020","5,530,308",7.80,7.80,7.77,7.77,-0.03,286
2897　王道銀行,109/01/09,"345,417","2,687,862",7.78,7.80,7.77,7.77, 0.00,124
2897　王道銀行,109/01/10,"688,831","5,356,449",7.80,7.82,7.77,7.79,+0.02,117
2897　王道銀行,109/01/13,"580,146","4,527,857",7.79,7.82,7.79,7.82,+0.03,140
2897　王道銀行,109/01/14,"547,220","4,265,181",7.82,7.82,7.79,7.80,-0.02,145
2897　王道銀行,109/01/15,"698,701","5,444,972",7.80,7.81,7.78,7.79,-0.01,332
2897　王道銀行,109/01/16,"181,833","1,419,174",7.80,7.81,7.79,7.81,+0.02,86
2897　王道銀行,109/01/17,"252,490","1,968,487",7.81,7.81,7.79,7.80,-0.01,141
2897　王道銀行,109/01/20,"677,144","5,293,107",7.80,7.83,7.79,7.83,+0.03,172
2897　王道銀行,109/01/30,"2,126,190","16,246,243",7.63,7.76,7.61,7.62,-0.21,533
2897　王道銀行,109/01/31,"1,147,444","8,764,248",7.62,7.67,7.61,7.63,+0.01,274
2897　王道銀行,109/02/03,"1,011,720","7,569,828",7.54,7.55,7.41,7.55,-0.08,343
2897　王道銀行,109/02/04,"668,532","5,037,599",7.52,7.56,7.50,7.55, 0.00,253
2897　王道銀行,109/02/05,"523,404","3,953,466",7.55,7.59,7.53,7.55, 0.00,240
2897　王道銀行,109/02/06,"314,370","2,389,927",7.59,7.64,7.56,7.64,+0.09,139
2897　王道銀行,109/02/07,"558,170","4,232,873",7.59,7.62,7.55,7.58,-0.06,230
2897　王道銀行,109/02/10,"2,090,353","15,691,093",7.57,7.58,7.49,7.51,-0.07,426
2897　王道銀行,109/02/11,"368,020","2,770,625",7.51,7.55,7.51,7.53,+0.02,137
2897　王道銀行,109/02/12,"754,778","5,684,618",7.53,7.58,7.51,7.56,+0.03,326
2897　王道銀行,109/02/13,"376,018","2,836,278",7.56,7.56,7.53,7.54,-0.02,158
2897　王道銀行,109/02/14,"739,432","5,563,308",7.54,7.54,7.51,7.53,-0.01,167
2897　王道銀行,109/02/17,"813,298","6,113,677",7.52,7.53,7.51,7.51,-0.02,206
2897　王道銀行,109/02/18,"387,184","2,923,616",7.55,7.58,7.53,7.56,+0.05,142
2897　王道銀行,109/02/19,"860,584","6,547,830",7.56,7.65,7.56,7.63,+0.07,256
2897　王道銀行,109/02/20,"735,020","5,638,896",7.64,7.70,7.64,7.69,+0.06,195
2897　王道銀行,109/02/21,"895,664","6,870,727",7.68,7.71,7.65,7.66,-0.03,387
2897　王道銀行,109/02/24,"663,316","5,045,780",7.62,7.63,7.58,7.61,-0.05,192
2897　王道銀行,109/02/25,"508,219","3,858,952",7.55,7.64,7.55,7.62,+0.01,103
2897　王道銀行,109/02/26,"376,702","2,861,684",7.61,7.61,7.58,7.60,-0.02,105
2897　王道銀行,109/02/27,"700,255","5,294,607",7.60,7.60,7.53,7.53,-0.07,231
2897　王道銀行,109/03/02,"946,065","7,068,593",7.50,7.56,7.42,7.47,-0.06,310
2897　王道銀行,109/03/03,"465,105","3,486,709",7.50,7.53,7.48,7.50,+0.03,178
2897　王道銀行,109/03/04,"445,877","3,335,583",7.50,7.50,7.47,7.50, 0.00,173
2897　王道銀行,109/03/05,"595,300","4,462,257",7.51,7.53,7.48,7.49,-0.01,200
2897　王道銀行,109/03/06,"1,388,776","10,315,201",7.48,7.49,7.41,7.42,-0.07,515
2897　王道銀行,109/03/09,"2,244,999","16,199,689",7.40,7.40,7.15,7.20,-0.22,721
2897　王道銀行,109/03/10,"2,172,020","15,491,470",7.05,7.30,7.02,7.10,-0.10,685
2897　王道銀行,109/03/11,"2,940,403","20,648,861",7.12,7.13,6.98,7.00,-0.10,879
2897　王道銀行,109/03/12,"5,736,069","38,285,636",6.97,6.97,6.57,6.66,-0.34,"1,521"
2897　王道銀行,109/03/13,"4,638,552","28,578,680",6.20,6.59,6.03,6.59,-0.07,996
2897　王道銀行,109/03/16,"3,895,396","23,899,960",6.40,6.49,6.01,6.13,-0.46,953
2897　王道銀行,109/03/17,"3,705,576","22,208,881",6.00,6.29,5.85,6.13, 0.00,976
2897　王道銀行,109/03/18,"2,725,285","16,171,058",6.17,6.17,5.82,5.95,-0.18,870
2897　王道銀行,109/03/19,"3,261,016","17,842,757",5.86,5.86,5.36,5.42,-0.53,793
2897　王道銀行,109/03/20,"2,738,330","16,163,705",5.65,5.96,5.65,5.96,+0.54,523
2897　王道銀行,109/03/23,"2,752,184","17,110,794",6.00,6.42,5.99,6.22,+0.26,896
2897　王道銀行,109/03/24,"2,923,779","18,706,746",6.38,6.46,6.30,6.34,+0.12,990
2897　王道銀行,109/03/25,"2,851,211","18,616,238",6.56,6.60,6.48,6.58,+0.24,953
2897　王道銀行,109/03/26,"1,390,548","9,086,797",6.58,6.58,6.45,6.58, 0.00,394
2897　王道銀行,109/03/27,"1,843,724","12,252,835",6.59,6.68,6.59,6.63,+0.05,436
2897　王道銀行,109/03/30,"954,520","6,253,845",6.55,6.64,6.41,6.57,-0.06,307
2897　王道銀行,109/03/31,"1,707,914","11,197,725",6.59,6.64,6.49,6.49,-0.08,522
2897　王道銀行,109/04/01,"709,796","4,614,404",6.40,6.52,6.40,6.52,+0.03,226
2897　王道銀行,109/04/06,"2,129,830","13,757,720",6.52,6.54,6.40,6.50,-0.02,446
2897　王道銀行,109/04/07,"1,440,610","9,365,098",6.52,6.56,6.45,6.51,+0.01,463
2897　王道銀行,109/04/08,"1,468,125","9,650,243",6.53,6.60,6.52,6.60,+0.09,415
2897　王道銀行,109/04/09,"1,752,676","11,628,451",6.60,6.68,6.60,6.66,+0.06,355
2897　王道銀行,109/04/10,"1,962,014","13,186,201",6.66,6.75,6.63,6.75,+0.09,416
2897　王道銀行,109/04/13,"1,553,586","10,468,319",6.73,6.78,6.70,6.71,-0.04,386
2897　王道銀行,109/04/14,"1,553,717","10,504,088",6.73,6.78,6.71,6.77,+0.06,290
2897　王道銀行,109/04/15,"1,711,596","11,643,228",6.77,6.83,6.76,6.82,+0.05,574
2897　王道銀行,109/04/16,"1,449,862","9,791,299",6.79,6.79,6.72,6.79,-0.03,410
2897　王道銀行,109/04/17,"1,945,600","13,416,469",6.85,6.98,6.80,6.90,+0.11,481
2897　王道銀行,109/04/20,"583,050","4,029,066",6.87,6.95,6.87,6.95,+0.05,162
2897　王道銀行,109/04/21,"2,121,162","14,337,845",6.90,6.90,6.66,6.67,-0.28,573
2897　王道銀行,109/04/22,"967,147","6,620,339",6.66,7.06,6.66,6.85,+0.18,296
2897　王道銀行,109/04/23,"797,717","5,458,710",6.81,6.93,6.81,6.85, 0.00,248
2897　王道銀行,109/04/24,"440,984","3,013,846",6.84,6.87,6.78,6.87,+0.02,124
2897　王道銀行,109/04/27,"1,405,766","9,754,490",6.90,6.99,6.88,6.96,+0.09,397
2897　王道銀行,109/04/28,"798,442","5,580,204",6.96,7.00,6.96,7.00,+0.04,173
2897　王道銀行,109/04/29,"1,586,019","11,233,652",6.98,7.11,6.98,7.10,+0.10,578
2897　王道銀行,109/04/30,"2,022,750","14,570,483",7.10,7.29,7.10,7.26,+0.16,644
2897　王道銀行,109/05/04,"1,295,450","9,197,862",7.19,7.19,7.07,7.12,-0.14,445
2897　王道銀行,109/05/05,"1,011,206","7,170,918",7.15,7.15,7.04,7.11,-0.01,220
2897　王道銀行,109/05/06,"627,160","4,425,387",7.11,7.11,7.02,7.07,-0.04,289
2897　王道銀行,109/05/07,"445,055","3,159,122",7.07,7.13,7.04,7.10,+0.03,142
2897　王道銀行,109/05/08,"439,743","3,145,080",7.11,7.25,7.11,7.11,+0.01,148
2897　王道銀行,109/05/11,"500,110","3,583,294",7.13,7.19,7.13,7.16,+0.05,185
2897　王道銀行,109/05/12,"1,015,473","7,192,332",7.15,7.15,7.05,7.09,-0.07,232
2897　王道銀行,109/05/13,"315,000","2,229,390",7.09,7.10,7.04,7.10,+0.01,85
2897　王道銀行,109/05/14,"760,190","5,368,199",7.10,7.11,7.03,7.04,-0.06,173
2897　王道銀行,109/05/15,"445,234","3,137,380",7.06,7.10,7.01,7.06,+0.02,124
2897　王道銀行,109/05/18,"557,517","3,969,437",7.06,7.17,7.05,7.09,+0.03,170
2897　王道銀行,109/05/19,"600,511","4,283,046",7.14,7.17,7.10,7.15,+0.06,191
2897　王道銀行,109/05/20,"879,260","6,280,499",7.16,7.19,7.10,7.11,-0.04,232
2897　王道銀行,109/05/21,"384,753","2,741,457",7.12,7.16,7.09,7.13,+0.02,118
2897　王道銀行,109/05/22,"1,161,483","8,173,738",7.10,7.10,7.00,7.03,-0.10,369
2897　王道銀行,109/05/25,"559,334","3,920,369",7.04,7.04,6.95,7.03, 0.00,190
2897　王道銀行,109/05/26,"653,080","4,628,788",7.03,7.11,7.01,7.10,+0.07,183
2897　王道銀行,109/05/27,"474,570","3,359,187",7.05,7.12,7.05,7.08,-0.02,139
2897　王道銀行,109/05/28,"657,140","4,631,734",7.08,7.10,7.00,7.03,-0.05,193
2897　王道銀行,109/05/29,"1,037,533","7,213,740",7.01,7.06,6.92,6.92,-0.11,262
2897　王道銀行,109/06/01,"870,001","6,119,147",6.99,7.09,6.98,7.04,+0.12,201
2897　王道銀行,109/06/02,"547,077","3,856,918",7.05,7.10,7.03,7.07,+0.03,236
2897　王道銀行,109/06/03,"1,944,710","13,909,002",7.08,7.24,7.08,7.20,+0.13,870
2897　王道銀行,109/06/04,"981,383","7,056,232",7.25,7.26,7.16,7.19,-0.01,304
2897　王道銀行,109/06/05,"882,647","6,349,547",7.19,7.23,7.15,7.23,+0.04,249
2897　王道銀行,109/06/08,"1,309,600","9,512,390",7.25,7.30,7.22,7.28,+0.05,366
2897　王道銀行,109/06/09,"1,056,005","7,694,036",7.30,7.31,7.25,7.29,+0.01,267
2897　王道銀行,109/06/10,"978,383","7,153,476",7.29,7.34,7.28,7.32,+0.03,253
2897　王道銀行,109/06/11,"1,187,588","8,616,392",7.32,7.33,7.20,7.20,-0.12,357
2897　王道銀行,109/06/12,"923,158","6,543,150",7.10,7.17,7.03,7.15,-0.05,314
2897　王道銀行,109/06/15,"1,104,479","7,890,483",7.29,7.29,7.09,7.17,+0.02,335
2897　王道銀行,109/06/16,"1,214,094","8,804,271",7.19,7.29,7.17,7.28,+0.11,362
2897　王道銀行,109/06/17,"819,100","5,941,897",7.28,7.30,7.22,7.30,+0.02,459
2897　王道銀行,109/06/18,"475,942","3,458,645",7.28,7.30,7.23,7.30, 0.00,220
2897　王道銀行,109/06/19,"719,938","5,231,377",7.29,7.30,7.24,7.26,-0.04,217
2897　王道銀行,109/06/22,"1,035,076","7,525,690",7.30,7.30,7.24,7.28,+0.02,179
2897　王道銀行,109/06/23,"792,172","5,735,990",7.28,7.29,7.18,7.26,-0.02,190
2897　王道銀行,109/06/24,"729,383","5,299,129",7.26,7.31,7.24,7.26, 0.00,235
2897　王道銀行,109/06/29,"1,251,839","9,003,298",7.23,7.25,7.17,7.25,-0.01,459
2897　王道銀行,109/06/30,"708,210","5,113,674",7.25,7.25,7.20,7.21,-0.04,255
2897　王道銀行,109/07/01,"542,361","3,908,688",7.21,7.25,7.18,7.20,-0.01,170
2897　王道銀行,109/07/02,"778,669","5,623,956",7.20,7.25,7.20,7.24,+0.04,148
2897　王道銀行,109/07/03,"855,782","6,182,787",7.25,7.25,7.20,7.22,-0.02,171
2897　王道銀行,109/07/06,"2,202,027","16,017,392",7.22,7.30,7.22,7.28,+0.06,477
2897　王道銀行,109/07/07,"1,338,384","9,722,066",7.30,7.31,7.22,7.28, 0.00,231
2897　王道銀行,109/07/08,"980,599","7,135,972",7.28,7.32,7.25,7.31,+0.03,343
2897　王道銀行,109/07/09,"1,339,882","9,780,157",7.27,7.35,7.27,7.31, 0.00,265
2897　王道銀行,109/07/10,"1,196,700","8,703,552",7.29,7.31,7.25,7.25,-0.06,303
2897　王道銀行,109/07/13,"1,351,510","9,834,809",7.27,7.31,7.24,7.29,+0.04,285
2897　王道銀行,109/07/14,"850,189","6,165,867",7.28,7.28,7.24,7.25,-0.04,166
2897　王道銀行,109/07/15,"1,180,931","8,600,904",7.27,7.31,7.26,7.27,+0.02,326
2897　王道銀行,109/07/16,"1,417,434","10,344,194",7.29,7.33,7.28,7.32,+0.05,338
2897　王道銀行,109/07/17,"1,441,677","10,602,198",7.34,7.40,7.32,7.33,+0.01,337
2897　王道銀行,109/07/20,"1,200,012","8,766,036",7.33,7.34,7.29,7.32,-0.01,220
2897　王道銀行,109/07/21,"5,310,748","39,166,801",7.32,7.42,7.32,7.37,+0.05,836
2897　王道銀行,109/07/22,"1,991,950","14,760,596",7.39,7.45,7.38,7.40,+0.03,405
2897　王道銀行,109/07/23,"1,372,507","10,163,712",7.38,7.44,7.38,7.41,+0.01,263
2897　王道銀行,109/07/24,"1,759,799","12,953,690",7.39,7.40,7.32,7.35,-0.06,414
2897　王道銀行,109/07/27,"1,478,447","10,797,573",7.34,7.35,7.26,7.27,-0.08,432
2897　王道銀行,109/07/28,"5,238,130","40,311,349",7.30,7.32,7.23,7.26,-0.01,389
2897　王道銀行,109/07/29,"3,707,800","27,141,605",7.22,7.56,7.22,7.30,+0.04,697
2897　王道銀行,109/07/30,"4,798,397","35,136,071",7.34,7.35,7.30,7.31,+0.01,733
2897　王道銀行,109/07/31,"3,810,585","26,381,131",6.93,6.94,6.90,6.91,X0.00,655
2897　王道銀行,109/08/03,"2,512,680","17,092,090",6.92,6.92,6.75,6.77,-0.14,737
2897　王道銀行,109/08/04,"3,667,827","24,577,440",6.76,6.76,6.65,6.70,-0.07,871
2897　王道銀行,109/08/05,"1,575,587","10,515,318",6.70,6.70,6.64,6.69,-0.01,408
2897　王道銀行,109/08/06,"1,590,539","10,642,167",6.69,6.74,6.65,6.71,+0.02,415
2897　王道銀行,109/08/07,"1,265,810","8,484,251",6.71,6.72,6.69,6.71, 0.00,236
2897　王道銀行,109/08/10,"1,719,097","11,578,138",6.73,6.77,6.68,6.76,+0.05,393
2897　王道銀行,109/08/11,"2,336,801","15,907,287",6.76,6.87,6.73,6.83,+0.07,599
2897　王道銀行,109/08/12,"1,282,599","8,714,509",6.87,6.87,6.77,6.79,-0.04,400
2897　王道銀行,109/08/13,"946,383","6,409,154",6.81,6.81,6.75,6.76,-0.03,444
2897　王道銀行,109/08/14,"887,210","5,980,147",6.75,6.78,6.70,6.76, 0.00,266
2897　王道銀行,109/08/17,"880,791","5,966,414",6.76,6.81,6.73,6.78,+0.02,419
2897　王道銀行,109/08/18,"620,002","4,201,116",6.81,6.81,6.76,6.80,+0.02,197
