sid,季度,股票報酬率,負債/淨值比,淨值報酬率,季成交量(百萬股),t+1季周轉率,t+1季底個股市值,季底收盤價,淨值股價比,益本比,每股淨值(元),稅後EPS,稅後淨利,t+1季新淨值股價比,t+1季新益本比,成長指標0.02,成長指標0.04,成長指標0.06,成長指標0.08,成長指標0.1,成長指標0.15,成長指標0.2,成長指標0.3
1463,2021Q1,0.9014598540145986,--,-,5810.0,-,-,12.35,1.0477732793522267,-,--,-,-,-,-,-,-,-,-,-,-,-,-
1463,2020Q4,1.0703124999999998,--,-,14800.0,-,-,13.7,0.9474452554744527,-,--,-,-,1.0510121457489878,-,-,-,-,-,-,-,-,-
1463,2020Q3,1.0763052208835342,0.1525347689546882,-0.24,19000.0,10.982658959537572,2214.4,12.8,1.0671875,-0.0031249999999999997,12.94,-0.04,-0.06,0.997080291970803,-0.0029197080291970805,0.7609890485909883,0.7619793843097598,0.7629710088313567,0.7639639238330009,0.7649581309940967,0.7674493131352593,0.7699486081236601,0.7749716424102384
1463,2020Q2,1.2087378640776698,0.14451901565995526,-0.2,13000.0,7.514450867052023,2153.85,12.45,1.0787148594377511,-0.001606425702811245,12.98,-0.02,-0.04,1.0492187499999999,-0.0015624999999999999,0.8012132452504391,0.8024283304559255,0.8036452584068547,0.8048640318978549,0.8060846537277917,0.8091443131913574,0.812215586219317,0.8183931494623917
1463,2020Q1,0.7923076923076924,0.1151231945624469,1.91,11000.0,6.358381502890174,1781.9000000000003,10.3,1.2941747572815534,0.02233009708737864,13.66,0.23,0.39,1.0706827309236948,0.01847389558232932,2.925046991317608,2.940171787428244,2.9553747906439507,2.9706564053570426,2.9860170380508584,3.0247670099932273,3.064019845886605,3.1440602971626688
1463,2019Q4,0.9774436090225563,0.10865800865800865,0.23,8380.0,4.84393063583815,2249.0,13,1.0007692307692309,0.003076923076923077,13.43,0.04,0.06,1.2631067961165048,0.003883495145631068,1.2300189159479977,1.2300378321869003,1.2300567487167127,1.2300756655374385,1.230094582649083,1.2301418767009913,1.2301891725712373,1.230283769767022
1463,2019Q3,0.9130434782608695,0.109217999126256,1.91,13400.0,7.7456647398843925,2300.9000000000005,13.3,1.0781954887218044,0.017293233082706767,13.33,0.23,0.39,1.103076923076923,0.017692307692307695,2.914385108823985,2.9187768256133984,2.9231751603258527,2.9275801229339615,2.9319917234253707,2.9430498310731106,2.9541496447542523,2.9764750199929435
1463,2019Q2,1.0254777070063696,0.21774193548387097,0.94,15000.0,8.670520231213873,2785.3,16.1,0.8720496894409937,0.008695652173913044,13.01,0.14,0.23,1.0556390977443608,0.010526315789473684,1.9346952017663033,1.9294049091430705,1.9241290824656954,1.918867682178031,1.913620668832095,1.9005658204324691,1.887600033083193,1.8619332153588377
1463,2019Q1,1.246031746031746,0.11383748994368464,2.06,20800.0,12.023121387283238,2716.1000000000004,15.7,0.8789808917197454,0.018471337579617834,14.34,0.29,0.47,0.8571428571428571,0.018012422360248446,3.052115856540911,3.0442520267151827,3.0364084581843835,3.028585098744933,3.020781896327755,3.0013617367635543,2.9820664265299053,2.9438471486628557
1463,2018Q4,0.8129032258064516,0.11179613645704893,1.51,12500.0,7.22543352601156,2179.7999999999997,12.6,1.0587301587301587,0.015873015873015876,14.04,0.2,0.33,0.8496815286624204,0.012738853503184714,2.512866561013458,2.5157363958006393,2.518609508100376,2.5214859016557725,2.5243655802142073,2.5315791731293866,2.5388133795100454,2.5533438684551673
1463,2018Q3,0.8185840707964601,0.12359081419624217,2.58,28000.0,16.184971098265894,2681.5000000000005,15.5,1.0296774193548388,0.02064516129032258,13.8,0.32,0.53,1.2666666666666668,0.025396825396825397,3.582094595192253,3.584190415895405,3.586287462826481,3.588385736702926,3.5904852382426045,3.595739367833217,3.6010011860441473,3.6115479333479388
1463,2018Q2,0.9377593360995851,0.34660320207702294,3.19,28300.0,16.358381502890175,3909.8,22.6,0.6787610619469026,0.019469026548672566,13.34,0.44,0.72,0.9896774193548387,0.02838709677419355,4.157654161471045,4.1255580253931985,4.093709664120836,4.062107164889315,4.030748629700099,3.9534073107031626,3.8775500037778583,3.730174072630362
1463,2018Q1,0.987704918032787,0.10495118549511855,4.58,46400.0,26.820809248554912,4169.300000000001,24.1,0.637759336099585,0.027385892116182572,15.96,0.66,1.08,0.6800884955752211,0.02920353982300885,5.530028065927519,5.480503657696426,5.431422767469472,5.382781423301775,5.3345756888193705,5.215941629775983,5.09994583866356,4.875635678356656
1463,2017Q4,0.9475728155339805,0.12167577413479053,0.05,47900.0,27.687861271676297,4221.2,24.4,0.5770491803278689,0.0008196721311475411,15.34,0.02,0.03,0.5842323651452281,0.0008298755186721991,1.038516869742889,1.0271593226100653,1.0159259851849822,1.0048154990712077,0.9938265207281614,0.9668769865326347,0.9406582412406118,0.8903343877013605
1463,2017Q3,0.9914675767918089,0.12931347620777334,8.08,103000.0,59.53757225433526,4454.75,25.75,0.6601941747572816,0.04233009708737864,15.37,1.09,1.79,0.6967213114754098,0.04467213114754099,9.00490804432904,8.930437102072892,8.85658203742629,8.783337757057277,8.710699209755953,8.531720151116666,8.356418581810901,8.016547217727995
1463,2017Q2,1.1886409736308317,0.4172317510969286,2.84,162000.0,93.64161849710982,5068.900000000001,29.3,0.5174061433447099,0.014334470989761091,14.08,0.42,0.69,0.5887378640776699,0.016310679611650485,3.7897263900275657,3.740110966476918,3.691145112314865,3.642820323323153,3.595128206621485,3.478611765467438,3.3658715682409936,3.151234326783461
1463,2017Q1,1.1627358490566038,0.1956094364351245,13.6,113000.0,65.3179190751445,4264.45,24.65,0.48073022312373226,0.08032454361054767,17,1.98,3.2,0.40443686006825935,0.06757679180887372,14.387683787215941,14.178455120610714,13.972269100450658,13.769081479943301,13.568848655742157,13.080913378847507,12.61052423578327,11.719883207185733
1463,2016Q4,1.1521739130434783,0.3790532985464033,28.3,81600.0,47.167630057803464,3667.6,21.2,0.549056603773585,0.15613207547169813,15.16,3.31,5.37,0.47221095334685603,0.13427991886409738,28.95075957738292,28.605681914929317,28.26471739475117,27.92781699037932,27.594932259714046,26.779976295795095,25.98908827365894,24.4766938704214
1463,2016Q3,1.0670391061452513,0.8364717542120912,1.91,22600.0,13.063583815028903,3183.2,18.4,0.6614130434782609,0.0125,11.85,0.23,0.37,0.5740566037735849,0.010849056603773586,2.8860406515570847,2.8622785712852377,2.83871213498623,2.8153397318345914,2.792159764267509,2.735041385422718,2.679091460204259,2.5706018487886664
1463,2016Q2,1.0228571428571427,0.9369641956631366,1.63,21800.0,12.601156069364162,3096.7000000000003,17.9,0.6737430167597767,0.011731843575418994,11.64,0.21,0.33,0.6554347826086957,0.01141304347826087,2.6093097317408733,2.588782234280467,2.5684162270973023,2.5482104397437904,2.528163611766982,2.478733806641035,2.4302704364496845,2.336167788663557
1463,2016Q1,1.0416666666666665,0.8013533107781535,1.55,27100.0,15.664739884393065,3027.5,17.5,0.6811428571428572,0.011428571428571429,12.17,0.2,0.32,0.6659217877094973,0.011173184357541902,2.5304918596792585,2.5111329615305857,2.491922163813889,2.472858333523675,2.4539403463222267,2.407276140802458,2.3614993032580585,2.27254055610854
1463,2015Q4,1.0666666666666667,0.7387914230019493,1.62,20100.0,11.618497109826592,2906.4000000000005,16.8,0.694047619047619,0.01130952380952381,12.06,0.19,0.3,0.6662857142857143,0.010857142857142857,2.600932471625373,2.582003710669951,2.563212707228504,2.544558458745571,2.5260399699619724,2.480331230514969,2.4354495915440775,2.3481080202549234
1463,2015Q3,0.943768115942029,0.6798223976319684,1.23,34700.0,20.057803468208096,2724.75,15.75,0.7650793650793651,0.009523809523809523,11.92,0.15,0.24,0.7172619047619048,0.008928571428571428,2.2180891264362512,2.2062418712173684,2.194457894545118,2.182736858436195,2.171078426712532,2.1422040515967944,2.113713692796665,2.0578646630841795
1463,2015Q2,1.0237388724035608,0.7236510337871912,0.26,126000.0,72.83236994219652,2984.25,17.25,0.6921739130434782,0.0017391304347826085,11.66,0.03,0.06,0.758095238095238,0.0019047619047619048,1.2507624936377375,1.2415927107070566,1.232490154703489,1.2234543327626166,1.2144847556333846,1.1923474554459668,1.170613667988795,1.1283273448479934
1463,2015Q1,1.0305810397553516,0.61181640625,1.09,40600.0,23.46820809248555,2915.0500000000006,16.85,0.6955489614243323,0.00830860534124629,12.05,0.14,0.23,0.6794202898550725,0.008115942028985508,2.074879310805203,2.0598680164629064,2.044965325525472,2.03017045227121,2.015482616662955,1.9792262491620756,1.9436220947705984,1.874323705919703
1463,2014Q4,1.0348101265822784,0.6088669950738915,2.87,26800.0,15.491329479768785,2828.55,16.35,0.7064220183486238,0.023241590214067277,11.94,0.38,0.62,0.685459940652819,0.022551928783382788,3.8431934855150107,3.816572652998712,3.790136216278912,3.763882898092409,3.7378114300232825,3.673420109249751,3.610138058504573,3.4868256586667847
1463,2014Q3,1.1065292096219932,0.5861307420494699,1.67,156000.0,33.12101910828025,7324.050000000001,15.55,0.7487341772151899,0.010932475884244373,11.72,0.17,0.76,0.7235474006116207,0.010759493670886076,1.4913439344655197,1.482737820578064,1.4741813700811464,1.4656742963817244,1.457216314540602,1.4362842817159551,1.4156529249088632,1.375275025269545
1463,2014Q2,1.3612167300380227,0.6123367852318775,0.49,38300.0,20.372340425531913,2735.4,14.55,0.8075601374570446,0.006872852233676976,11.55,0.1,0.16,0.7436708860759493,0.006329113924050633,1.4836442093624396,1.4773155301843615,1.4710138468182756,1.464739044110001,1.4584910073965625,1.4429872687724061,1.4276483346688857,1.3974578911672804
1463,2014Q1,0.9857549857549858,0.5340243352861649,0.26,63600.0,33.829787234042556,3252.4,17.3,0.6601156069364161,0.0034682080924855487,11.83,0.06,0.09,0.7848797250859106,0.004123711340206185,1.249576776293073,1.239239777659515,1.2289882908110488,1.2188216083600032,1.208739028770501,1.183895978223416,1.159563523550043,1.1123886406774437
1463,2013Q4,1.231578947368421,0.576618537494178,2.98,264000.0,140.4255319148936,3299.4,17.55,0.6507122507122507,0.017663817663817662,11.75,0.31,0.51,0.6601156069364161,0.01791907514450867,3.945943402068628,3.912178224203251,3.878701972741553,3.8455121753593224,3.812606380887863,3.73156851042576,3.6522531194941834,3.498644107537972
1463,2013Q3,1.0594795539033457,0.5975961538461538,0.03,78500.0,41.755319148936174,2679.0000000000005,14.25,0.8021052631578948,0.0007017543859649123,11.42,0.01,0.01,0.6512820512820512,0.0005698005698005698,1.0254673846276476,1.0209547154709395,1.0164619047546102,1.0119888650896576,1.0075355094716432,0.9964876706155943,0.9855609736371683,0.9640657064940709
1463,2013Q2,1.0759999999999998,0.5307101727447218,-0.2,123000.0,65.42553191489361,2528.6,13.45,0.8475836431226766,-0.0007434944237918217,11.42,-0.01,-0.01,0.8,-0.0007017543859649123,0.7973585185031303,0.7947257587868836,0.7921016920532319,0.7894862895992346,0.7868795228167238,0.7804002000336063,0.7739742292853437,0.7612805902656159
1463,2013Q1,1.0416666666666667,0.47749042145593873,-0.03,72000.0,38.29787234042553,2350.0,12.5,0.9136,0.0008,11.43,0.01,0.02,0.8490706319702602,0.0007434944237918217,0.9682485517904866,0.9665002660251286,0.9647551369937638,0.9630131589965407,0.9612743263438992,0.9569409683497526,0.9526271448329043,0.9440577493877962
1463,2012Q4,0.9375,0.38760806916426516,-0.56,71400.0,37.97872340425532,2256.0,12,0.9550000000000001,-0.004166666666666667,11.4,-0.05,-0.07,0.9168000000000001,-0.004,0.4395949998478292,0.43919037248002946,0.4387861175534695,0.43838223472533416,0.4379787236531234,0.43697157015995586,0.4359667326654979,0.4339639843819483
1463,2012Q3,1.2248803827751198,0.40115163147792704,-0.49,91900.0,48.88297872340425,2406.4,12.8,0.8734375,-0.0007812499999999999,11.42,-0.01,-0.02,0.9316666666666666,-0.0008333333333333334,0.5086216152810278,0.5072469559432978,0.5058760119181657,0.5045087731641998,0.5031452296671078,0.49975247219843494,0.49638259242503274,0.4897108499381323
1463,2012Q2,1.045,0.24797329518359562,-0.59,35700.0,18.98936170212766,1964.6000000000001,10.45,1.0822966507177034,-0.006698564593301436,11.46,-0.07,-0.12,0.88359375,-0.0054687500000000005,0.41064901269448567,0.4112990527486727,0.41195012178882834,0.4126022214437937,0.4132553533449888,0.414892709904737,0.41653655382510135,0.4198438066636493
1463,2012Q1,1.3071895424836601,0.2673684210526316,-0.99,32200.000000000004,17.127659574468087,1880.0,10,1.1039999999999999,-0.012,11.18,-0.12,-0.19,1.0564593301435408,-0.011483253588516746,0.010019807580717735,0.01003965439546085,0.010059540521942467,0.010079466038029627,0.010099431021743613,0.010149516665305898,0.010199850696295715,0.010301268853932205
1463,2011Q4,0.8061116965226555,0.20427305888483582,2.38,19500.0,10.372340425531913,1438.2000000000003,7.65,1.4431372549019605,0.03529411764705882,11.31,0.27,0.44,1.1039999999999999,0.027000000000000003,3.404888173987537,3.4299596086864454,3.4552156535122482,3.480657667816708,3.5062870209609915,3.5711890888639664,3.6372925069110966,3.7731927539707235
1463,2011Q3,0.9396039603960397,0.14781216648879403,-0.29,50300.0,26.755319148936167,1784.1200000000001,9.49,1.166491043203372,-0.003161222339304531,11.04,-0.03,-0.05,1.4470588235294117,-0.00392156862745098,0.7121901730422161,0.7143871022223968,0.7165908083815438,0.7188013124249484,0.7210186353223887,0.726591913250805,0.7322082711016334,0.7435715611288245
1463,2011Q2,0.9017857142857143,0.13180362860192105,-0.26,23400.0,12.446808510638297,1898.8,10.1,1.104950495049505,-0.0029702970297029703,11.04,-0.03,-0.04,1.1759747102212856,-0.003161222339304531,0.7414785229729003,0.7429600000406403,0.7444444371055134,0.7459318400816058,0.74742221489482,0.7511611927108999,0.7549188747544303,0.7624907262633264
1463,2011Q1,0.9781659388646288,0.14779372674109517,-0.37,70800.0,37.659574468085104,2105.6,11.2,1.0035714285714286,-0.0035714285714285718,11.07,-0.04,-0.07,1.112871287128713,-0.0039603960396039604,0.6300449214351326,0.630089846073337,0.6301347739148417,0.6301797049598753,0.6302246392086661,0.6303369888485799,0.6304493585169736,0.6306741579534836
1463,2010Q4,1.1170731707317072,0.1366754617414248,-0.21,99900.0,53.138297872340424,2152.6,11.45,0.9816593886462883,-0.0017467248908296944,11.16,-0.02,-0.04,1.0035714285714286,-0.0017857142857142859,0.7897075821410268,0.7894152725202868,0.7891230710977157,0.7888309778332641,0.7885389926868973,0.7878095025750079,0.7870806873261603,0.7856250789208623
1463,2010Q3,1.2334536702767749,0.13881613410162388,0.25,77900.0,41.43617021276596,1927.0000000000002,10.25,1.0819512195121952,0.002926829268292683,11.24,0.03,0.05,0.9685589519650656,0.0026200873362445414,1.2519707042336825,1.2539445154075066,1.25592143841976,1.257901478176453,1.2598846395913315,1.2648562326994761,1.2698474440625436,1.279889031518969
1463,2010Q2,0.8738170347003156,0.13462545835515977,1.56,93500.0,49.734042553191486,1562.2800000000002,8.31,1.3513838748495788,0.019253910950661854,11.24,0.16,0.26,1.095609756097561,0.015609756097560976,2.575464333861784,2.5910220839820797,2.606673814665655,2.6224200936261086,2.638261492006455,2.678284914733916,2.7189155078922362,2.8020351892543975
1463,2010Q1,0.8846511627906977,0.12685774946921444,-0.94,174000.0,92.5531914893617,1787.88,9.51,1.128286014721346,-0.00946372239747634,11.09,-0.09,-0.18,1.2912154031287606,-0.010830324909747292,0.06014501457781286,0.06029037964275529,0.060436096041923085,0.060582164624459305,0.06072858624155932,0.06109619041507272,0.06146601978164176,0.06221240805391367
1463,2009Q4,1.8859649122807016,0.13686418458311483,8.06,156000.0,82.9787234042553,2021.0,10.75,0.9869767441860464,0.06790697674418604,11.23,0.73,1.18,1.1156677181913774,0.07676130389064142,9.05762499643518,9.055250615457771,9.052876856904563,9.050503720612397,9.048131206418152,9.042202641540841,9.036277961209489,9.024440244005316
1463,2009Q3,1.130952380952381,0.2729805013927577,1.6,5350.0,2.8457446808510634,1071.6000000000001,5.7,1.8473684210526313,0.02456140350877193,10.73,0.14,0.22,0.9795348837209302,0.013023255813953489,2.6321123219187545,2.6646212596909757,2.6975317118766498,2.730848637537354,2.7645770569835046,2.8507318982736485,2.9395716553844524,3.125643213782645
1463,2009Q2,1.5272727272727273,0.2728813559322034,1.13,34200.0,18.19148936170213,947.5200000000001,5.04,2.0793650793650795,0.021825396825396824,10.61,0.11,0.18,1.8385964912280701,0.01929824561403509,2.1614152849790162,2.1932939127422166,2.225642717113831,2.2584686327098886,2.291778696424795,2.377219124014804,2.4658448795241936,2.653131813888128
1463,2009Q1,1.375,0.3333333333333333,-0.31,5670.0,3.0159574468085104,620.4,3.3,3.312121212121212,-0.00909090909090909,10.53,-0.03,-0.05,2.1686507936507935,-0.005952380952380952,0.7067262378332401,0.7238579351332253,0.7414049206122346,0.7593772612396181,0.7777852680173695,0.8257812621472382,0.876739019050509,0.9882821636427329
1463,2008Q4,0.6349206349206349,0.31139095592444194,-9.4,8680.0,4.617021276595744,451.2,2.4,4.583333333333334,-0.375,10.48,-0.9,-1.45,3.3333333333333335,-0.27272727272727276,-8.659701356249373,-8.927431854693715,-9.203439730942263,-9.487980895261913,-9.7813191698533,-10.55495783144122,-11.389786274111861,-13.262754145655038
1463,2008Q3,0.6196721311475409,0.1996744438415627,-0.71,9550.0,5.079787234042553,710.6399999999999,3.78,2.9497354497354498,-0.021164021164021166,10.93,-0.08,-0.13,4.645833333333334,-0.03333333333333333,0.29634230819100293,0.30282332284128055,0.30944607746501496,0.31621367191942906,0.3231292738557107,0.34108722836260275,0.360043198698341,0.4011741288002838
1463,2008Q2,0.7484662576687116,0.20215633423180593,-1.36,10000.0,5.319148936170213,1146.8,6.1,1.8491803278688526,-0.02459016393442623,11,-0.15,-0.25,2.984126984126984,-0.03968253968253968,-0.3644534670729831,-0.36896202683754986,-0.37352636083116675,-0.3781471590224244,-0.3828251199153367,-0.3947747711612551,-0.40709742343942196,-0.4329086665150591
1463,2008Q1,1.372053872053872,0.1979776476849388,-0.78,21000.0,11.170212765957446,1532.2,8.15,1.4453987730061348,-0.011042944785276072,11.15,-0.09,-0.14,1.9311475409836065,-0.014754098360655738,0.2216268809343486,0.2232657925122179,0.22491682369917415,0.22658006411867618,0.22825560405694054,0.232498862838434,0.23682100356090374,0.24570782373256797
1463,2007Q4,0.6939252336448598,0.1883219358232509,-7.05,17000.0,9.042553191489361,1116.72,5.94,2.015151515151515,-0.0707070707070707,11.28,-0.42,-1.11,1.4687116564417177,-0.05153374233128834,-6.135380882461977,-6.22196670626114,-6.309774476183391,-6.39882143699539,-6.4891250768313045,-6.720499149473623,-6.960123018638163,-7.46530724265714
1463,2007Q3,1.1922005571030643,--,-,91500.0,48.670212765957444,1609.2800000000002,8.56,1.3855140186915886,-0.009345794392523364,--,-0.08,-0.13,1.9966329966329963,-0.013468013468013467,-,-,-,-,-,-,-,-
1463,2007Q2,1.0070126227208975,0.18442211055276383,-2.3,47700.0,25.372340425531913,1349.8400000000001,7.18,1.7089136490250696,-0.01392757660167131,11.78,-0.1,-0.31,1.433411214953271,-0.011682242990654205,-1.3140072295405685,-1.3281653840652925,-1.342476089759477,-1.3569409903302354,-1.3715617471952832,-1.408806575754225,-1.447062789514906,-1.5267199752987268
1463,2007Q1,0.8890274314214465,--,-,21000.0,11.170212765957446,1340.44,7.13,1.479663394109397,-0.012622720897615708,--,-0.09,-0.14,1.4693593314763234,-0.012534818941504178,-,-,-,-,-,-,-,-
1463,2006Q4,1.7941834451901566,0.19245837414299705,-1.87,43600.0,22.474226804123717,1555.8799999999999,8.02,1.374064837905237,-0.0286783042394015,11.97,-0.23,-0.38,1.5455820476858344,-0.03225806451612903,-0.8755468646327371,-0.8811290944462254,-0.8867469149184775,-0.8924005529650867,-0.8980902369483934,-0.9124736596705818,-0.927087441036806,-0.9570208960834765
1463,2006Q3,1.0547945205479452,--,-,6800.0,-,-,4.47,2.283203125,-,--,-,-,1.452173913043478,-,-,-,-,-,-,-,-,-
1463,2006Q2,1.0503597122302157,0.24856596558317398,-1.85,27200.0,14.020618556701033,849.7199999999999,4.38,2.2831050228310503,-0.025114155251141555,11.86,-0.11,-0.38,2.237136465324385,-0.024608501118568233,-0.8641506152836382,-0.8785368069354007,-0.8931624967794699,-0.908031671929705,-0.923148385876571,-0.9620503659717694,-1.0025916968782569,-1.088871654901665
1463,2006Q1,0.7882797731568998,--,-,12900.0,-,-,4.17,2.6258992805755392,-,--,-,-,2.5,-,-,-,-,-,-,-,-,-
1463,2005Q4,0.9796296296296295,0.24780802953391784,0.14,26000.0,13.402061855670105,1026.26,5.29,2.2419659735349717,0.0,12.27,0,0.03,2.8441247002398082,0.0,1.1585570696602359,1.1774162137365898,1.1965823494360643,1.2160604740086027,1.2358556660500386,1.286764894231068,1.3397712520245477,1.4524244675662206
1463,2005Q3,0.8060109289617486,--,-,11100.0,-,-,5.4,2.4518518518518517,-,--,-,-,2.502835538752363,-,-,-,-,-,-,-,-,-
1463,2005Q2,1.1209800918836141,0.32044713553795995,-0.44,29200.0,15.051546391752577,1420.08,7.32,1.9112021857923496,-0.008196721311475409,10.55,-0.06,-0.09,2.5907407407407406,-0.01111111111111111,0.5673017975557303,0.5746988026963621,0.5821922568263789,0.5897834175368428,0.5974735588164514,0.6171404630355787,0.6374547383657063,0.6801113412781578
1463,2005Q1,0.8318471337579618,--,-,30100.0,-,-,6.53,2.0658499234303216,-,--,-,-,1.8428961748633879,-,-,-,-,-,-,-,-,-
1463,2004Q4,1.0194805194805194,0.299409359382099,1.74,41700.0,21.494845360824748,1522.8999999999999,7.85,1.7668789808917198,0.02802547770700637,11.02,0.22,0.38,2.1240428790199077,0.033690658499234305,2.771371196346932,2.803101572241396,2.8351952400527742,2.8676563592343736,2.900489136862501,2.9842251317122193,3.070378552210722,3.2502188455265735
1463,2004Q3,1.0547945205479452,--,-,71100.0,-,-,7.7,1.44321608040201,-,--,-,-,1.2936936936936936,-,-,-,-,-,-,-,-,-
1463,2004Q2,1.0814814814814815,0.0,-,186000.0,-,-,7.3,1.7824175824175823,-,10.75,-,-,1.6301507537688442,-,-,-,-,-,-,-,-,-
1463,2004Q1,1.4453961456102784,--,-,87000.0,-,-,6.75,1.8673684210526313,-,--,-,-,1.7392156862745098,-,-,-,-,-,-,-,-,-
1463,2003Q4,1.1733668341708543,0.32055749128919864,-0.4,22400.0,11.313131313131313,924.6600000000001,4.67,1.0011976047904192,-0.010706638115631693,10.13,-0.05,-0.08,0.908695652173913,-0.007407407407407408,1.5700375827403643,1.5700751663803862,1.5701127509200872,1.5701503363594889,1.5701879226986126,1.570281892482848,1.5703758678908182,1.5705638355793092
1463,2003Q3,0.9476190476190476,--,-,9300.0,-,-,3.98,--,-,--,-,-,--,-,--,--,--,--,--,--,--,--
1463,2003Q2,1.0268948655256724,--,-,6420.0,-,-,4.2,--,-,--,-,-,--,-,--,--,--,--,--,--,--,--
1463,2003Q1,0.8776824034334764,--,-,13300.0,-,-,4.09,--,-,--,-,-,--,-,--,--,--,--,--,--,--,--
1463,2002Q4,0.9957264957264959,0.29990069513406153,-0.35,8720.0,4.338308457711443,936.6600000000001,4.66,--,-0.008583690987124463,10,-0.04,-0.07,--,-0.009779951100244499,--,--,--,--,--,--,--,--
1463,2002Q3,0.975,--,-,19400.0,-,-,4.68,--,-,--,-,-,--,-,--,--,--,--,--,--,--,--
1463,2002Q2,0.8727272727272727,--,-,13300.0,-,-,4.8,--,-,--,-,-,--,-,--,--,--,--,--,--,--,--
1463,2002Q1,1.325301204819277,--,-,11800.0,-,-,5.5,--,-,--,-,-,--,-,--,--,--,--,--,--,--,--
1463,2001Q4,1.0,0.30751708428246016,0.35,3900.0,1.9402985074626864,834.1500000000001,4.15,--,0.009638554216867469,10.95,0.04,0.08,--,0.007272727272727273,--,--,--,--,--,--,--,--
1463,2001Q3,0.6859504132231405,--,-,6880.0,-,-,4.15,--,-,--,-,-,--,-,--,--,--,--,--,--,--,--
1463,2001Q2,0.7806451612903226,--,-,15800.0,-,-,6.05,--,-,--,-,-,--,-,--,--,--,--,--,--,--,--
1463,2001Q1,1.1231884057971013,--,-,18700.0,-,-,7.75,--,-,--,-,-,--,-,--,--,--,--,--,--,--,--
1463,2000Q4,0.8625,0.2829002514668902,1.32,38000.0,18.90547263681592,1386.9000000000003,6.9,--,0.02318840579710145,11.86,0.16,0.31,--,0.02064516129032258,--,--,--,--,--,--,--,--
1463,2000Q3,0.6530612244897959,--,-,19700.0,-,-,8,--,-,--,-,-,--,-,--,--,--,--,--,--,--,--
1463,2000Q2,0.8909090909090909,--,-,25700.0,-,-,12.25,--,-,--,-,-,--,-,--,--,--,--,--,--,--,--
1463,2000Q1,0.9821428571428571,--,-,45900.0,-,-,13.75,--,-,--,-,-,--,-,--,--,--,--,--,--,--,--
1463,1999Q4,1.0144927536231882,0.3468682505399568,3,22800.0,13.028571428571428,2450.0,14,--,0.028571428571428574,13.24,0.4,0.69,--,0.02909090909090909,--,--,--,--,--,--,--,--
1463,1999Q3,0.8313253012048193,--,-,20400.0,-,-,13.8,--,-,--,-,-,--,-,--,--,--,--,--,--,--,--
1463,1999Q2,0.9764705882352942,--,-,80800.0,-,-,16.6,--,-,--,-,-,--,-,--,--,--,--,--,--,--,--
1463,1999Q1,1.096774193548387,--,-,68900.0,-,-,17,--,-,--,-,-,--,-,--,--,--,--,--,--,--,--
1463,1998Q4,0.7868020304568528,0.22566995768688292,0.75,98900.0,65.06578947368422,2356.0,15.5,--,0.007741935483870968,13.99,0.12,0.16,--,0.007058823529411764,--,--,--,--,--,--,--,--
1463,1998Q3,1.9466403162055335,--,-,149000.0,-,-,19.7,--,-,--,-,-,--,-,--,--,--,--,--,--,--,--
1463,1998Q2,0.6454081632653061,--,-,167000.0,-,-,25.3,--,-,--,-,-,--,-,--,--,--,--,--,--,--,--
1463,1998Q1,1.5870445344129556,--,-,191000.0,-,-,39.2,--,-,--,-,-,--,-,--,--,--,--,--,--,--,--
1463,1997Q4,0.95,0.3561544064093226,3.4,57800.0,56.66666666666667,2519.3999999999996,24.7,--,0.01862348178137652,13.49,0.46,0.47,--,0.01173469387755102,--,--,--,--,--,--,--,--
1463,1997Q3,1.9287833827893173,--,-,71100.0,-,-,26,--,-,--,-,-,--,-,--,--,--,--,--,--,--,--
1463,1997Q2,0.962857142857143,--,-,36300.0,-,-,33.7,--,-,--,-,-,--,-,--,--,--,--,--,--,--,--
1463,1997Q1,1.1904761904761905,--,-,91100.0,-,-,35,--,-,--,-,-,--,-,--,--,--,--,--,--,--,--
1463,1996Q4,1.0465116279069768,0.39934800325998376,2.81,35100.0,39.66101694915255,2601.9,29.4,--,0.01326530612244898,13.87,0.39,0.35,--,0.011142857142857144,--,--,--,--,--,--,--,--
1460,1996Q3,0.9071729957805907,--,-,72100.0,-,-,21.5,--,-,--,-,-,--,-,--,--,--,--,--,--,--,--
1460,1996Q2,1.0128205128205128,--,-,75200.0,-,-,23.7,--,-,--,-,-,--,-,--,--,--,--,--,--,--,--
1460,1996Q1,0.9212598425196851,0.8869190225203641,-,51600.0,-,-,23.4,--,-,15.77,-,-,--,-,--,--,--,--,--,--,--,--
1460,1995Q4,1.3025641025641026,0.6159809183064997,-,60200.0,-,-,25.4,--,-,14.36,-,-,--,-,--,--,--,--,--,--,--,--
1460,1995Q3,0.9112149532710281,--,-,27800.0,-,-,19.5,--,-,--,-,-,--,-,--,--,--,--,--,--,--,--
1460,1995Q2,0.5372549019607843,--,-,37800.0,-,-,21.4,--,-,--,-,-,--,-,--,--,--,--,--,--,--,--
1459,1995Q1,0.9807692307692307,0.6322355289421158,-,56300.0,-,-,51,--,-,16.98,-,-,--,-,--,--,--,--,--,--,--,--
1459,1994Q4,1.0,0.47764632627646325,-,66900.0,-,-,52,--,-,16.22,-,-,--,-,--,--,--,--,--,--,--,--
1456,1994Q3,0.8173223543763343,--,-,317000.0,-,-,26.8,--,-,--,-,-,--,-,--,--,--,--,--,--,--,--
1456,1994Q2,1.104040404040404,--,-,124000.0,-,-,32.79,--,-,--,-,-,--,-,--,--,--,--,--,--,--,--
1456,1994Q1,1.0136518771331058,--,-,164000.0,-,-,29.7,--,-,--,-,-,--,-,--,--,--,--,--,--,--,--
1456,1993Q4,1.0570824524312896,--,-,88200.0,-,-,29.3,--,-,--,-,-,--,-,--,--,--,--,--,--,--,--
1454,1993Q3,2.2523809523809524,--,-,29500.0,-,-,47.3,--,-,--,-,-,--,-,--,--,--,--,--,--,--,--
1454,1993Q2,1.371900826446281,--,-,17800.0,-,-,52.5,--,-,--,-,-,--,-,--,--,--,--,--,--,--,--
1452,1993Q1,1.4404761904761905,--,-,57000.0,-,-,60.5,--,-,--,-,-,--,-,--,--,--,--,--,--,--,--
1452,1992Q4,0.9183673469387754,--,-,560.0,-,-,42,--,-,--,-,-,--,-,--,--,--,--,--,--,--,--
1449,1992Q3,1.6220689655172416,--,-,41900.0,-,-,39.2,--,-,--,-,-,--,-,--,--,--,--,--,--,--,--
1449,1992Q2,2.506849315068493,--,-,75000.0,-,-,72.5,--,-,--,-,-,--,-,--,--,--,--,--,--,--,--
1447,1992Q1,1.1150442477876106,--,-,47100.0,-,-,73,--,-,--,-,-,--,-,--,--,--,--,--,--,--,--
1446,1991Q4,0.6880733944954128,--,-,128000.0,-,-,56.5,--,-,--,-,-,--,-,--,--,--,--,--,--,--,--
1445,1991Q3,2.680327868852459,--,-,76100.0,-,-,109,--,-,--,-,-,--,-,--,--,--,--,--,--,--,--
1445,1991Q2,1.564102564102564,--,-,69000.0,-,-,122,--,-,--,-,-,--,-,--,--,--,--,--,--,--,--
1445,1991Q1,--,--,-,34400.0,-,-,78,--,-,--,-,-,--,-,--,--,--,--,--,--,--,--
